id,title,module_id,author_id,course_id,status,fa_duration,sa_duration,release_range,next_project_id,prev_project_id
716971b5-8bbd-4493-881f-aa703a2a401e,Project 1,31b41849-6394-49bd-bf35-b880fd826c97,b64a5719-f130-4676-8c55-cebf9df679db,e3b29e0d-86e2-4322-a3b0-0c63796597bb,published,4,3,4,,
3b9b7226-998d-42c0-9a80-535360e47dc6,Project 2,31b41849-6394-49bd-bf35-b880fd826c97,b64a5719-f130-4676-8c55-cebf9df679db,e3b29e0d-86e2-4322-a3b0-0c63796597bb,published,1,3,0,,716971b5-8bbd-4493-881f-aa703a2a401e
c37be725-ec29-4635-9d77-c1f4b283e822,Project 3,31b41849-6394-49bd-bf35-b880fd826c97,4ac82bd2-c4a9-4aba-b3b4-8041b8f703e2,e3b29e0d-86e2-4322-a3b0-0c63796597bb,published,4,6,2,,3b9b7226-998d-42c0-9a80-535360e47dc6
4fd0328e-5135-493a-8bb9-dbc9c45e47f0,Project 4,31b41849-6394-49bd-bf35-b880fd826c97,e7c43113-4444-45f9-b590-94e755bbb62e,e3b29e0d-86e2-4322-a3b0-0c63796597bb,published,3,6,0,,c37be725-ec29-4635-9d77-c1f4b283e822
5d223385-c690-44d4-b16a-6e0dc715c189,Project 5,31b41849-6394-49bd-bf35-b880fd826c97,c38f2d3c-f9c2-449c-a7a9-8487c60848f0,e3b29e0d-86e2-4322-a3b0-0c63796597bb,published,1,8,4,,4fd0328e-5135-493a-8bb9-dbc9c45e47f0
aabe2cdf-1314-4333-943e-6a7a015761ee,Project 6,31b41849-6394-49bd-bf35-b880fd826c97,95b06d49-d198-4ad3-96df-d0a3d6e72784,e3b29e0d-86e2-4322-a3b0-0c63796597bb,published,3,10,6,,5d223385-c690-44d4-b16a-6e0dc715c189
3f19b4d2-f852-403e-8b05-6fdacd99269f,Project 7,31b41849-6394-49bd-bf35-b880fd826c97,4ac82bd2-c4a9-4aba-b3b4-8041b8f703e2,e3b29e0d-86e2-4322-a3b0-0c63796597bb,published,5,1,1,,aabe2cdf-1314-4333-943e-6a7a015761ee
0054b5c3-9255-44e7-bf5a-cc028241a42f,Project 8,31b41849-6394-49bd-bf35-b880fd826c97,c38f2d3c-f9c2-449c-a7a9-8487c60848f0,e3b29e0d-86e2-4322-a3b0-0c63796597bb,published,1,5,0,,3f19b4d2-f852-403e-8b05-6fdacd99269f
4af79122-aedf-4e43-8116-d5faedafa340,Project 9,31b41849-6394-49bd-bf35-b880fd826c97,e7c43113-4444-45f9-b590-94e755bbb62e,e3b29e0d-86e2-4322-a3b0-0c63796597bb,published,1,2,4,,0054b5c3-9255-44e7-bf5a-cc028241a42f
57db0caf-5988-4b76-bb1c-ce6b3d83d9b8,Project 10,31b41849-6394-49bd-bf35-b880fd826c97,b64a5719-f130-4676-8c55-cebf9df679db,e3b29e0d-86e2-4322-a3b0-0c63796597bb,published,3,10,2,,4af79122-aedf-4e43-8116-d5faedafa340
20760d3c-c3c1-48db-8885-b45b216f0cc9,Project 11,31b41849-6394-49bd-bf35-b880fd826c97,95b06d49-d198-4ad3-96df-d0a3d6e72784,e3b29e0d-86e2-4322-a3b0-0c63796597bb,published,2,8,6,,57db0caf-5988-4b76-bb1c-ce6b3d83d9b8
af77c398-7625-4995-81f9-7aec8e17d691,Project 1,e8aadb35-f776-410e-9634-2f78ba5003da,b64a5719-f130-4676-8c55-cebf9df679db,e3b29e0d-86e2-4322-a3b0-0c63796597bb,published,5,5,2,,20760d3c-c3c1-48db-8885-b45b216f0cc9
3fd48527-9286-474e-b556-37e6eb00075f,Project 2,e8aadb35-f776-410e-9634-2f78ba5003da,2b3f4a29-eaa6-454e-9ffc-78d0eb4ed7cf,e3b29e0d-86e2-4322-a3b0-0c63796597bb,published,4,4,0,,af77c398-7625-4995-81f9-7aec8e17d691
106b9bf9-d5e7-4b19-a383-61e4c03ad2be,Project 3,e8aadb35-f776-410e-9634-2f78ba5003da,924fafec-3259-4590-95e4-195fbf950f6b,e3b29e0d-86e2-4322-a3b0-0c63796597bb,published,3,10,3,,3fd48527-9286-474e-b556-37e6eb00075f
d228137d-501a-47c7-818c-ef9252d35337,Project 4,e8aadb35-f776-410e-9634-2f78ba5003da,4ac82bd2-c4a9-4aba-b3b4-8041b8f703e2,e3b29e0d-86e2-4322-a3b0-0c63796597bb,published,3,2,0,,106b9bf9-d5e7-4b19-a383-61e4c03ad2be
4d62fa34-45eb-4b49-a4c1-a85514e24401,Project 5,e8aadb35-f776-410e-9634-2f78ba5003da,b64a5719-f130-4676-8c55-cebf9df679db,e3b29e0d-86e2-4322-a3b0-0c63796597bb,published,1,10,0,,d228137d-501a-47c7-818c-ef9252d35337
45e1694e-295d-4dce-8bb5-22178797911f,Project 6,e8aadb35-f776-410e-9634-2f78ba5003da,d48d3747-a2a8-457b-8f29-71f21d258755,e3b29e0d-86e2-4322-a3b0-0c63796597bb,published,4,1,3,,4d62fa34-45eb-4b49-a4c1-a85514e24401
45739d93-fbe9-43a3-8bff-7caf4bf6c2d4,Project 7,e8aadb35-f776-410e-9634-2f78ba5003da,0974f565-b24a-493b-bf3e-1781971e776f,e3b29e0d-86e2-4322-a3b0-0c63796597bb,published,2,3,4,,45e1694e-295d-4dce-8bb5-22178797911f
dad724f7-2195-418d-b6ab-715510b4506a,Project 8,e8aadb35-f776-410e-9634-2f78ba5003da,4ac82bd2-c4a9-4aba-b3b4-8041b8f703e2,e3b29e0d-86e2-4322-a3b0-0c63796597bb,published,5,10,5,,45739d93-fbe9-43a3-8bff-7caf4bf6c2d4
ea1d18b5-093e-46c4-a769-cc39ce1a0952,Project 9,e8aadb35-f776-410e-9634-2f78ba5003da,e7c43113-4444-45f9-b590-94e755bbb62e,e3b29e0d-86e2-4322-a3b0-0c63796597bb,published,1,4,1,,dad724f7-2195-418d-b6ab-715510b4506a
1922cc45-8b16-4550-b1a9-9f1970a415ed,Project 10,e8aadb35-f776-410e-9634-2f78ba5003da,e7c43113-4444-45f9-b590-94e755bbb62e,e3b29e0d-86e2-4322-a3b0-0c63796597bb,published,4,7,6,,ea1d18b5-093e-46c4-a769-cc39ce1a0952
4b0123b1-a467-4d73-a045-98156b365b79,Project 11,e8aadb35-f776-410e-9634-2f78ba5003da,b64a5719-f130-4676-8c55-cebf9df679db,e3b29e0d-86e2-4322-a3b0-0c63796597bb,published,4,8,0,,1922cc45-8b16-4550-b1a9-9f1970a415ed
39d599a9-5a58-40cf-a666-77d3f23f76b1,Project 1,5e558ec0-c17f-4d0f-bd01-e3e17cd4a1e5,0974f565-b24a-493b-bf3e-1781971e776f,e3b29e0d-86e2-4322-a3b0-0c63796597bb,published,3,10,0,,4b0123b1-a467-4d73-a045-98156b365b79
acf012a5-841a-458b-8922-8f1807e809d1,Project 2,5e558ec0-c17f-4d0f-bd01-e3e17cd4a1e5,924fafec-3259-4590-95e4-195fbf950f6b,e3b29e0d-86e2-4322-a3b0-0c63796597bb,published,2,7,4,,39d599a9-5a58-40cf-a666-77d3f23f76b1
df9df363-e141-4da9-b63d-d2e9068e3d18,Project 3,5e558ec0-c17f-4d0f-bd01-e3e17cd4a1e5,b64a5719-f130-4676-8c55-cebf9df679db,e3b29e0d-86e2-4322-a3b0-0c63796597bb,published,3,2,2,,acf012a5-841a-458b-8922-8f1807e809d1
ad78ee4f-da63-45cc-a702-098fbfc1fbd0,Project 4,5e558ec0-c17f-4d0f-bd01-e3e17cd4a1e5,7688e129-2baf-45d8-9e7a-63e81c3c17a5,e3b29e0d-86e2-4322-a3b0-0c63796597bb,published,1,2,2,,df9df363-e141-4da9-b63d-d2e9068e3d18
cfcaa192-7f54-41ae-aaed-440c7ba8eeaa,Project 5,5e558ec0-c17f-4d0f-bd01-e3e17cd4a1e5,e7c43113-4444-45f9-b590-94e755bbb62e,e3b29e0d-86e2-4322-a3b0-0c63796597bb,published,4,7,4,,ad78ee4f-da63-45cc-a702-098fbfc1fbd0
668edfbe-d742-4aa5-92ef-dca26f45f4a0,Project 6,5e558ec0-c17f-4d0f-bd01-e3e17cd4a1e5,95b06d49-d198-4ad3-96df-d0a3d6e72784,e3b29e0d-86e2-4322-a3b0-0c63796597bb,published,1,6,3,,cfcaa192-7f54-41ae-aaed-440c7ba8eeaa
13f7f6f6-89bf-45b8-9de0-350ccf8e26ca,Project 7,5e558ec0-c17f-4d0f-bd01-e3e17cd4a1e5,2b3f4a29-eaa6-454e-9ffc-78d0eb4ed7cf,e3b29e0d-86e2-4322-a3b0-0c63796597bb,published,4,3,3,,668edfbe-d742-4aa5-92ef-dca26f45f4a0
5489a353-8475-4dca-92f8-7b1e22073f53,Project 8,5e558ec0-c17f-4d0f-bd01-e3e17cd4a1e5,d48d3747-a2a8-457b-8f29-71f21d258755,e3b29e0d-86e2-4322-a3b0-0c63796597bb,published,2,4,2,,13f7f6f6-89bf-45b8-9de0-350ccf8e26ca
ea1519f8-8957-4b74-8a0d-fd23ba28e975,Project 9,5e558ec0-c17f-4d0f-bd01-e3e17cd4a1e5,d48d3747-a2a8-457b-8f29-71f21d258755,e3b29e0d-86e2-4322-a3b0-0c63796597bb,published,2,7,3,,5489a353-8475-4dca-92f8-7b1e22073f53
b6259230-390f-425f-9a3e-ef47ffa6efb9,Project 10,5e558ec0-c17f-4d0f-bd01-e3e17cd4a1e5,95b06d49-d198-4ad3-96df-d0a3d6e72784,e3b29e0d-86e2-4322-a3b0-0c63796597bb,published,1,2,5,,ea1519f8-8957-4b74-8a0d-fd23ba28e975
3d51df5e-6e0a-456d-b805-296cc9679bed,Project 11,5e558ec0-c17f-4d0f-bd01-e3e17cd4a1e5,2b3f4a29-eaa6-454e-9ffc-78d0eb4ed7cf,e3b29e0d-86e2-4322-a3b0-0c63796597bb,published,1,7,0,,b6259230-390f-425f-9a3e-ef47ffa6efb9
d9873e70-6b42-4eed-817a-5367ae79e1e4,Project 1,1919cd2c-043c-485d-9d31-688de140cb3f,d48d3747-a2a8-457b-8f29-71f21d258755,e3b29e0d-86e2-4322-a3b0-0c63796597bb,published,4,3,0,,3d51df5e-6e0a-456d-b805-296cc9679bed
2f7eecc4-3adf-4be3-8cf3-8ecbf8d9e2c4,Project 2,1919cd2c-043c-485d-9d31-688de140cb3f,0974f565-b24a-493b-bf3e-1781971e776f,e3b29e0d-86e2-4322-a3b0-0c63796597bb,published,4,4,3,,d9873e70-6b42-4eed-817a-5367ae79e1e4
7ab3040f-7ffb-4ece-82e1-1ea338e814d6,Project 3,1919cd2c-043c-485d-9d31-688de140cb3f,d48d3747-a2a8-457b-8f29-71f21d258755,e3b29e0d-86e2-4322-a3b0-0c63796597bb,published,1,10,0,,2f7eecc4-3adf-4be3-8cf3-8ecbf8d9e2c4
b013d41e-bf24-41a1-bf0b-f811ab4ba247,Project 4,1919cd2c-043c-485d-9d31-688de140cb3f,d48d3747-a2a8-457b-8f29-71f21d258755,e3b29e0d-86e2-4322-a3b0-0c63796597bb,published,3,5,6,,7ab3040f-7ffb-4ece-82e1-1ea338e814d6
9b197439-639c-4365-8fe6-9e93a9040a57,Project 5,1919cd2c-043c-485d-9d31-688de140cb3f,7688e129-2baf-45d8-9e7a-63e81c3c17a5,e3b29e0d-86e2-4322-a3b0-0c63796597bb,published,5,7,0,,b013d41e-bf24-41a1-bf0b-f811ab4ba247
fe054964-12c0-497a-93e9-d261c5689df7,Project 6,1919cd2c-043c-485d-9d31-688de140cb3f,7688e129-2baf-45d8-9e7a-63e81c3c17a5,e3b29e0d-86e2-4322-a3b0-0c63796597bb,published,1,3,1,,9b197439-639c-4365-8fe6-9e93a9040a57
9a7e9a8f-884b-4028-b50b-f183f862f5d6,Project 7,1919cd2c-043c-485d-9d31-688de140cb3f,4ac82bd2-c4a9-4aba-b3b4-8041b8f703e2,e3b29e0d-86e2-4322-a3b0-0c63796597bb,published,4,1,6,,fe054964-12c0-497a-93e9-d261c5689df7
23e6bea2-9180-4fb6-ba12-4cdc0e4e0cd5,Project 8,1919cd2c-043c-485d-9d31-688de140cb3f,e7c43113-4444-45f9-b590-94e755bbb62e,e3b29e0d-86e2-4322-a3b0-0c63796597bb,published,4,8,0,,9a7e9a8f-884b-4028-b50b-f183f862f5d6
c87fb6e8-0f99-4341-8c90-5bdf70279003,Project 9,1919cd2c-043c-485d-9d31-688de140cb3f,95b06d49-d198-4ad3-96df-d0a3d6e72784,e3b29e0d-86e2-4322-a3b0-0c63796597bb,published,1,8,1,,23e6bea2-9180-4fb6-ba12-4cdc0e4e0cd5
4bceb714-3be3-465d-8884-fa20899200d7,Project 10,1919cd2c-043c-485d-9d31-688de140cb3f,2b3f4a29-eaa6-454e-9ffc-78d0eb4ed7cf,e3b29e0d-86e2-4322-a3b0-0c63796597bb,published,5,2,6,,c87fb6e8-0f99-4341-8c90-5bdf70279003
80b79772-4ff4-47d8-b020-3cfeca2826b3,Project 11,1919cd2c-043c-485d-9d31-688de140cb3f,b64a5719-f130-4676-8c55-cebf9df679db,e3b29e0d-86e2-4322-a3b0-0c63796597bb,published,3,5,4,,4bceb714-3be3-465d-8884-fa20899200d7
0a63f85c-1757-4e24-9e93-a6b29d5c6896,Project 1,c54148be-36d6-43da-8134-a6e14f4264c3,d48d3747-a2a8-457b-8f29-71f21d258755,e3b29e0d-86e2-4322-a3b0-0c63796597bb,published,5,7,2,,80b79772-4ff4-47d8-b020-3cfeca2826b3
2475d8f5-894b-4473-b59a-632bfbdd7b43,Project 2,c54148be-36d6-43da-8134-a6e14f4264c3,7688e129-2baf-45d8-9e7a-63e81c3c17a5,e3b29e0d-86e2-4322-a3b0-0c63796597bb,published,3,8,5,,0a63f85c-1757-4e24-9e93-a6b29d5c6896
7b157bec-139b-4bfd-afa0-7517d583fa18,Project 3,c54148be-36d6-43da-8134-a6e14f4264c3,c38f2d3c-f9c2-449c-a7a9-8487c60848f0,e3b29e0d-86e2-4322-a3b0-0c63796597bb,published,3,5,0,,2475d8f5-894b-4473-b59a-632bfbdd7b43
8e233e86-57ef-4956-83b6-e70da22f9ec2,Project 4,c54148be-36d6-43da-8134-a6e14f4264c3,95b06d49-d198-4ad3-96df-d0a3d6e72784,e3b29e0d-86e2-4322-a3b0-0c63796597bb,published,5,8,4,,7b157bec-139b-4bfd-afa0-7517d583fa18
93251fee-4238-4d30-9117-3a75d1cc50d1,Project 5,c54148be-36d6-43da-8134-a6e14f4264c3,b64a5719-f130-4676-8c55-cebf9df679db,e3b29e0d-86e2-4322-a3b0-0c63796597bb,published,2,6,0,,8e233e86-57ef-4956-83b6-e70da22f9ec2
7ebe38b5-02be-43a0-9619-42119f2a96c6,Project 6,c54148be-36d6-43da-8134-a6e14f4264c3,c38f2d3c-f9c2-449c-a7a9-8487c60848f0,e3b29e0d-86e2-4322-a3b0-0c63796597bb,published,5,5,1,,93251fee-4238-4d30-9117-3a75d1cc50d1
f78d9771-07f6-476e-8032-62e78ced4b72,Project 7,c54148be-36d6-43da-8134-a6e14f4264c3,e7c43113-4444-45f9-b590-94e755bbb62e,e3b29e0d-86e2-4322-a3b0-0c63796597bb,published,4,7,0,,7ebe38b5-02be-43a0-9619-42119f2a96c6
b79bb2f6-896a-4ad1-9e80-a643d032b697,Project 8,c54148be-36d6-43da-8134-a6e14f4264c3,2b3f4a29-eaa6-454e-9ffc-78d0eb4ed7cf,e3b29e0d-86e2-4322-a3b0-0c63796597bb,published,5,5,4,,f78d9771-07f6-476e-8032-62e78ced4b72
140f565f-8100-49f3-a7db-2a63e7a7b4f3,Project 9,c54148be-36d6-43da-8134-a6e14f4264c3,924fafec-3259-4590-95e4-195fbf950f6b,e3b29e0d-86e2-4322-a3b0-0c63796597bb,published,5,1,2,,b79bb2f6-896a-4ad1-9e80-a643d032b697
ff04d030-1e47-4b14-882f-f58342ab58ff,Project 10,c54148be-36d6-43da-8134-a6e14f4264c3,0974f565-b24a-493b-bf3e-1781971e776f,e3b29e0d-86e2-4322-a3b0-0c63796597bb,published,3,8,4,,140f565f-8100-49f3-a7db-2a63e7a7b4f3
a4ef82a3-bb2e-413c-b9db-e63a5b1cf3fb,Project 11,c54148be-36d6-43da-8134-a6e14f4264c3,2b3f4a29-eaa6-454e-9ffc-78d0eb4ed7cf,e3b29e0d-86e2-4322-a3b0-0c63796597bb,published,5,7,3,,ff04d030-1e47-4b14-882f-f58342ab58ff
1b64817d-a09d-4324-ada9-8911417572ed,Project 1,733ee044-12a1-47a9-83aa-46d70f47ec22,7688e129-2baf-45d8-9e7a-63e81c3c17a5,e3b29e0d-86e2-4322-a3b0-0c63796597bb,published,3,7,1,,a4ef82a3-bb2e-413c-b9db-e63a5b1cf3fb
7c41b109-7dc2-47a2-95d3-f1c9d94da998,Project 2,733ee044-12a1-47a9-83aa-46d70f47ec22,7688e129-2baf-45d8-9e7a-63e81c3c17a5,e3b29e0d-86e2-4322-a3b0-0c63796597bb,published,5,1,4,,1b64817d-a09d-4324-ada9-8911417572ed
bf0ad117-8464-45d6-b62c-e2025cc36617,Project 3,733ee044-12a1-47a9-83aa-46d70f47ec22,c38f2d3c-f9c2-449c-a7a9-8487c60848f0,e3b29e0d-86e2-4322-a3b0-0c63796597bb,published,5,1,5,,7c41b109-7dc2-47a2-95d3-f1c9d94da998
8ebd708e-9ea1-4f75-a600-33074538ba09,Project 4,733ee044-12a1-47a9-83aa-46d70f47ec22,924fafec-3259-4590-95e4-195fbf950f6b,e3b29e0d-86e2-4322-a3b0-0c63796597bb,published,1,4,1,,bf0ad117-8464-45d6-b62c-e2025cc36617
8cfbaab4-510a-4215-9936-0fffdc8cee59,Project 5,733ee044-12a1-47a9-83aa-46d70f47ec22,924fafec-3259-4590-95e4-195fbf950f6b,e3b29e0d-86e2-4322-a3b0-0c63796597bb,published,5,6,6,,8ebd708e-9ea1-4f75-a600-33074538ba09
4f862144-e5f6-4003-bb9a-fee0ff4b3f3a,Project 6,733ee044-12a1-47a9-83aa-46d70f47ec22,4ac82bd2-c4a9-4aba-b3b4-8041b8f703e2,e3b29e0d-86e2-4322-a3b0-0c63796597bb,published,1,9,1,,8cfbaab4-510a-4215-9936-0fffdc8cee59
b91321e2-857f-40b7-9fce-01a646bb2502,Project 7,733ee044-12a1-47a9-83aa-46d70f47ec22,924fafec-3259-4590-95e4-195fbf950f6b,e3b29e0d-86e2-4322-a3b0-0c63796597bb,published,2,5,4,,4f862144-e5f6-4003-bb9a-fee0ff4b3f3a
7205409e-1f2c-49d6-b757-b6fbe4f8f5a5,Project 8,733ee044-12a1-47a9-83aa-46d70f47ec22,7688e129-2baf-45d8-9e7a-63e81c3c17a5,e3b29e0d-86e2-4322-a3b0-0c63796597bb,published,5,1,4,,b91321e2-857f-40b7-9fce-01a646bb2502
1aeaaf9f-eee0-4df4-aa6e-db6095dc410e,Project 9,733ee044-12a1-47a9-83aa-46d70f47ec22,4ac82bd2-c4a9-4aba-b3b4-8041b8f703e2,e3b29e0d-86e2-4322-a3b0-0c63796597bb,published,3,6,1,,7205409e-1f2c-49d6-b757-b6fbe4f8f5a5
8e1e5d4c-95be-4d25-b690-c7c5339a2021,Project 10,733ee044-12a1-47a9-83aa-46d70f47ec22,d48d3747-a2a8-457b-8f29-71f21d258755,e3b29e0d-86e2-4322-a3b0-0c63796597bb,published,4,8,4,,1aeaaf9f-eee0-4df4-aa6e-db6095dc410e
82865601-b577-4f39-8327-5aa0675cd157,Project 11,733ee044-12a1-47a9-83aa-46d70f47ec22,b64a5719-f130-4676-8c55-cebf9df679db,e3b29e0d-86e2-4322-a3b0-0c63796597bb,published,4,5,0,,8e1e5d4c-95be-4d25-b690-c7c5339a2021
aae2a16c-1e26-4afc-8fbe-995f894bd0f8,Project 1,8d09b3a9-97c9-414e-8c59-2a96e8665d7e,924fafec-3259-4590-95e4-195fbf950f6b,e3b29e0d-86e2-4322-a3b0-0c63796597bb,published,1,1,5,,82865601-b577-4f39-8327-5aa0675cd157
056c7104-93eb-4936-b44c-ace2d8413e5e,Project 2,8d09b3a9-97c9-414e-8c59-2a96e8665d7e,7688e129-2baf-45d8-9e7a-63e81c3c17a5,e3b29e0d-86e2-4322-a3b0-0c63796597bb,published,3,2,2,,aae2a16c-1e26-4afc-8fbe-995f894bd0f8
1ab00ab2-d99c-4553-90e8-3055c4c1f323,Project 3,8d09b3a9-97c9-414e-8c59-2a96e8665d7e,e7c43113-4444-45f9-b590-94e755bbb62e,e3b29e0d-86e2-4322-a3b0-0c63796597bb,published,1,8,6,,056c7104-93eb-4936-b44c-ace2d8413e5e
fef95f69-f9f0-482f-8eb8-0b5be6a4c0a8,Project 4,8d09b3a9-97c9-414e-8c59-2a96e8665d7e,4ac82bd2-c4a9-4aba-b3b4-8041b8f703e2,e3b29e0d-86e2-4322-a3b0-0c63796597bb,published,5,2,4,,1ab00ab2-d99c-4553-90e8-3055c4c1f323
9da8546c-1097-454e-9c10-f34ec430e0fc,Project 5,8d09b3a9-97c9-414e-8c59-2a96e8665d7e,c38f2d3c-f9c2-449c-a7a9-8487c60848f0,e3b29e0d-86e2-4322-a3b0-0c63796597bb,published,4,7,4,,fef95f69-f9f0-482f-8eb8-0b5be6a4c0a8
0c5da8fb-a643-4059-84b3-96bbda6a0f64,Project 6,8d09b3a9-97c9-414e-8c59-2a96e8665d7e,b64a5719-f130-4676-8c55-cebf9df679db,e3b29e0d-86e2-4322-a3b0-0c63796597bb,published,3,1,2,,9da8546c-1097-454e-9c10-f34ec430e0fc
04f55326-82eb-48bd-b04b-107b04b26f38,Project 7,8d09b3a9-97c9-414e-8c59-2a96e8665d7e,4ac82bd2-c4a9-4aba-b3b4-8041b8f703e2,e3b29e0d-86e2-4322-a3b0-0c63796597bb,published,1,3,1,,0c5da8fb-a643-4059-84b3-96bbda6a0f64
cdcf4d78-5ab9-44c7-a94a-cb244a207ae3,Project 8,8d09b3a9-97c9-414e-8c59-2a96e8665d7e,924fafec-3259-4590-95e4-195fbf950f6b,e3b29e0d-86e2-4322-a3b0-0c63796597bb,published,1,7,6,,04f55326-82eb-48bd-b04b-107b04b26f38
ea7c3ef1-8015-4856-9fec-c7e55a6882df,Project 9,8d09b3a9-97c9-414e-8c59-2a96e8665d7e,c38f2d3c-f9c2-449c-a7a9-8487c60848f0,e3b29e0d-86e2-4322-a3b0-0c63796597bb,published,4,1,1,,cdcf4d78-5ab9-44c7-a94a-cb244a207ae3
74dee3cf-9d5d-4033-9acf-7cac49fcbadc,Project 10,8d09b3a9-97c9-414e-8c59-2a96e8665d7e,2b3f4a29-eaa6-454e-9ffc-78d0eb4ed7cf,e3b29e0d-86e2-4322-a3b0-0c63796597bb,published,1,8,1,,ea7c3ef1-8015-4856-9fec-c7e55a6882df
cc269189-0496-4dbd-ba19-456f874e150a,Project 11,8d09b3a9-97c9-414e-8c59-2a96e8665d7e,0974f565-b24a-493b-bf3e-1781971e776f,e3b29e0d-86e2-4322-a3b0-0c63796597bb,published,2,7,6,,74dee3cf-9d5d-4033-9acf-7cac49fcbadc
85f1c76e-19c6-495b-a0f0-b9140a5ea775,Project 1,03a8e89f-eb24-405f-bb55-3427920c613f,4ac82bd2-c4a9-4aba-b3b4-8041b8f703e2,e3b29e0d-86e2-4322-a3b0-0c63796597bb,published,5,9,4,,cc269189-0496-4dbd-ba19-456f874e150a
ab79cf80-3c51-4f24-9f8f-3f8181bff4a4,Project 2,03a8e89f-eb24-405f-bb55-3427920c613f,e7c43113-4444-45f9-b590-94e755bbb62e,e3b29e0d-86e2-4322-a3b0-0c63796597bb,published,3,7,2,,85f1c76e-19c6-495b-a0f0-b9140a5ea775
4ecb8bb4-f7f8-4620-a020-8a69ae70f9d9,Project 3,03a8e89f-eb24-405f-bb55-3427920c613f,0974f565-b24a-493b-bf3e-1781971e776f,e3b29e0d-86e2-4322-a3b0-0c63796597bb,published,1,1,4,,ab79cf80-3c51-4f24-9f8f-3f8181bff4a4
a56716aa-f2e6-41b6-b859-865a46f0099c,Project 4,03a8e89f-eb24-405f-bb55-3427920c613f,0974f565-b24a-493b-bf3e-1781971e776f,e3b29e0d-86e2-4322-a3b0-0c63796597bb,published,2,4,3,,4ecb8bb4-f7f8-4620-a020-8a69ae70f9d9
af72525b-f68b-472c-ab3b-7e2a2d165e56,Project 5,03a8e89f-eb24-405f-bb55-3427920c613f,2b3f4a29-eaa6-454e-9ffc-78d0eb4ed7cf,e3b29e0d-86e2-4322-a3b0-0c63796597bb,published,4,9,3,,a56716aa-f2e6-41b6-b859-865a46f0099c
9a3fddc9-a03e-4ece-8833-421c196a720c,Project 6,03a8e89f-eb24-405f-bb55-3427920c613f,c38f2d3c-f9c2-449c-a7a9-8487c60848f0,e3b29e0d-86e2-4322-a3b0-0c63796597bb,published,2,8,3,,af72525b-f68b-472c-ab3b-7e2a2d165e56
3df9321a-4068-4f89-be2a-6ec6c2ca0638,Project 7,03a8e89f-eb24-405f-bb55-3427920c613f,0974f565-b24a-493b-bf3e-1781971e776f,e3b29e0d-86e2-4322-a3b0-0c63796597bb,published,3,10,0,,9a3fddc9-a03e-4ece-8833-421c196a720c
4633bd63-aa38-4621-9255-b1949e999a32,Project 8,03a8e89f-eb24-405f-bb55-3427920c613f,2b3f4a29-eaa6-454e-9ffc-78d0eb4ed7cf,e3b29e0d-86e2-4322-a3b0-0c63796597bb,published,1,7,3,,3df9321a-4068-4f89-be2a-6ec6c2ca0638
a7db4f47-6b9b-4adc-99e9-3b9028ae2297,Project 9,03a8e89f-eb24-405f-bb55-3427920c613f,0974f565-b24a-493b-bf3e-1781971e776f,e3b29e0d-86e2-4322-a3b0-0c63796597bb,published,3,9,5,,4633bd63-aa38-4621-9255-b1949e999a32
8fed0de9-d8f8-4520-b309-1e93574e2d0d,Project 10,03a8e89f-eb24-405f-bb55-3427920c613f,c38f2d3c-f9c2-449c-a7a9-8487c60848f0,e3b29e0d-86e2-4322-a3b0-0c63796597bb,published,1,10,1,,a7db4f47-6b9b-4adc-99e9-3b9028ae2297
343d4a91-f9a4-4cd9-b758-314ba624cf68,Project 11,03a8e89f-eb24-405f-bb55-3427920c613f,0974f565-b24a-493b-bf3e-1781971e776f,e3b29e0d-86e2-4322-a3b0-0c63796597bb,published,5,5,2,,8fed0de9-d8f8-4520-b309-1e93574e2d0d
9ad636a9-61d1-4e76-9f6f-44f78e245c91,Project 1,ba4737fd-43ed-4b7a-a2cf-a6b00db63566,b64a5719-f130-4676-8c55-cebf9df679db,e3b29e0d-86e2-4322-a3b0-0c63796597bb,published,1,1,2,,343d4a91-f9a4-4cd9-b758-314ba624cf68
47a21d02-a798-4b90-9b6d-2c08138d303b,Project 2,ba4737fd-43ed-4b7a-a2cf-a6b00db63566,0974f565-b24a-493b-bf3e-1781971e776f,e3b29e0d-86e2-4322-a3b0-0c63796597bb,published,1,9,3,,9ad636a9-61d1-4e76-9f6f-44f78e245c91
c9bceb5d-6249-4f47-ae90-4a9a77da108f,Project 3,ba4737fd-43ed-4b7a-a2cf-a6b00db63566,b64a5719-f130-4676-8c55-cebf9df679db,e3b29e0d-86e2-4322-a3b0-0c63796597bb,published,1,2,6,,47a21d02-a798-4b90-9b6d-2c08138d303b
8facc451-67a5-4b49-95da-ee5667ccd235,Project 4,ba4737fd-43ed-4b7a-a2cf-a6b00db63566,c38f2d3c-f9c2-449c-a7a9-8487c60848f0,e3b29e0d-86e2-4322-a3b0-0c63796597bb,published,1,10,4,,c9bceb5d-6249-4f47-ae90-4a9a77da108f
4fdb54b5-47e0-4eac-b573-8d09c1abef00,Project 5,ba4737fd-43ed-4b7a-a2cf-a6b00db63566,e7c43113-4444-45f9-b590-94e755bbb62e,e3b29e0d-86e2-4322-a3b0-0c63796597bb,published,1,3,6,,8facc451-67a5-4b49-95da-ee5667ccd235
4b51ae37-677b-4620-81fc-336ab9095fed,Project 6,ba4737fd-43ed-4b7a-a2cf-a6b00db63566,4ac82bd2-c4a9-4aba-b3b4-8041b8f703e2,e3b29e0d-86e2-4322-a3b0-0c63796597bb,published,3,5,1,,4fdb54b5-47e0-4eac-b573-8d09c1abef00
bbbafaaa-6d24-47ac-b6b7-3460837a56fa,Project 7,ba4737fd-43ed-4b7a-a2cf-a6b00db63566,7688e129-2baf-45d8-9e7a-63e81c3c17a5,e3b29e0d-86e2-4322-a3b0-0c63796597bb,published,1,3,6,,4b51ae37-677b-4620-81fc-336ab9095fed
b8bc0bce-8b92-4cd7-b729-947239c7a8cd,Project 8,ba4737fd-43ed-4b7a-a2cf-a6b00db63566,924fafec-3259-4590-95e4-195fbf950f6b,e3b29e0d-86e2-4322-a3b0-0c63796597bb,published,1,3,5,,bbbafaaa-6d24-47ac-b6b7-3460837a56fa
1730dc50-cbee-4550-b917-f03f9a3dcc7e,Project 9,ba4737fd-43ed-4b7a-a2cf-a6b00db63566,7688e129-2baf-45d8-9e7a-63e81c3c17a5,e3b29e0d-86e2-4322-a3b0-0c63796597bb,published,3,4,1,,b8bc0bce-8b92-4cd7-b729-947239c7a8cd
aa92ad92-e27e-48a2-85ca-e1fe49f6e995,Project 10,ba4737fd-43ed-4b7a-a2cf-a6b00db63566,d48d3747-a2a8-457b-8f29-71f21d258755,e3b29e0d-86e2-4322-a3b0-0c63796597bb,published,3,5,3,,1730dc50-cbee-4550-b917-f03f9a3dcc7e
e49a08fd-4023-4724-93df-ebb6b773427e,Project 11,ba4737fd-43ed-4b7a-a2cf-a6b00db63566,7688e129-2baf-45d8-9e7a-63e81c3c17a5,e3b29e0d-86e2-4322-a3b0-0c63796597bb,published,1,2,3,,aa92ad92-e27e-48a2-85ca-e1fe49f6e995
894ca4a3-8b45-4758-b666-3d40aef2e8a0,Project 1,0a6263ee-d744-405f-ad7d-06be251c9f3a,0974f565-b24a-493b-bf3e-1781971e776f,e3b29e0d-86e2-4322-a3b0-0c63796597bb,published,2,2,3,,e49a08fd-4023-4724-93df-ebb6b773427e
dbe893f5-1f7c-4daa-b064-bfe68c96b4fd,Project 2,0a6263ee-d744-405f-ad7d-06be251c9f3a,d48d3747-a2a8-457b-8f29-71f21d258755,e3b29e0d-86e2-4322-a3b0-0c63796597bb,published,5,10,4,,894ca4a3-8b45-4758-b666-3d40aef2e8a0
a69f5d46-6ab2-4e91-b0f8-8978baf0303f,Project 3,0a6263ee-d744-405f-ad7d-06be251c9f3a,7688e129-2baf-45d8-9e7a-63e81c3c17a5,e3b29e0d-86e2-4322-a3b0-0c63796597bb,published,1,9,0,,dbe893f5-1f7c-4daa-b064-bfe68c96b4fd
772bbfb8-46f6-4b68-b291-da54091f2c85,Project 4,0a6263ee-d744-405f-ad7d-06be251c9f3a,4ac82bd2-c4a9-4aba-b3b4-8041b8f703e2,e3b29e0d-86e2-4322-a3b0-0c63796597bb,published,2,6,5,,a69f5d46-6ab2-4e91-b0f8-8978baf0303f
d078d683-f0c6-4259-8239-51b2d89d9da7,Project 5,0a6263ee-d744-405f-ad7d-06be251c9f3a,95b06d49-d198-4ad3-96df-d0a3d6e72784,e3b29e0d-86e2-4322-a3b0-0c63796597bb,published,4,10,5,,772bbfb8-46f6-4b68-b291-da54091f2c85
962f97ce-a7a6-4fa1-99b1-29022308f20d,Project 6,0a6263ee-d744-405f-ad7d-06be251c9f3a,2b3f4a29-eaa6-454e-9ffc-78d0eb4ed7cf,e3b29e0d-86e2-4322-a3b0-0c63796597bb,published,5,3,2,,d078d683-f0c6-4259-8239-51b2d89d9da7
5d317812-1e38-4cf1-b201-f69136882457,Project 7,0a6263ee-d744-405f-ad7d-06be251c9f3a,b64a5719-f130-4676-8c55-cebf9df679db,e3b29e0d-86e2-4322-a3b0-0c63796597bb,published,2,2,4,,962f97ce-a7a6-4fa1-99b1-29022308f20d
55ef9498-cf68-4938-a751-90529803b3bb,Project 8,0a6263ee-d744-405f-ad7d-06be251c9f3a,7688e129-2baf-45d8-9e7a-63e81c3c17a5,e3b29e0d-86e2-4322-a3b0-0c63796597bb,published,5,1,3,,5d317812-1e38-4cf1-b201-f69136882457
5e787606-c83e-417d-87ad-b35814f8e35c,Project 9,0a6263ee-d744-405f-ad7d-06be251c9f3a,7688e129-2baf-45d8-9e7a-63e81c3c17a5,e3b29e0d-86e2-4322-a3b0-0c63796597bb,published,2,4,6,,55ef9498-cf68-4938-a751-90529803b3bb
55e37f8f-42a7-4985-a4d4-c3fa1467135b,Project 10,0a6263ee-d744-405f-ad7d-06be251c9f3a,c38f2d3c-f9c2-449c-a7a9-8487c60848f0,e3b29e0d-86e2-4322-a3b0-0c63796597bb,published,1,6,5,,5e787606-c83e-417d-87ad-b35814f8e35c
0b8f9b41-89bf-4fa6-a024-eda3b454285d,Project 11,0a6263ee-d744-405f-ad7d-06be251c9f3a,2b3f4a29-eaa6-454e-9ffc-78d0eb4ed7cf,e3b29e0d-86e2-4322-a3b0-0c63796597bb,published,1,6,3,,55e37f8f-42a7-4985-a4d4-c3fa1467135b
fdb63bf1-881b-4b89-91d5-43ad2622d8c0,Project 1,8a951cb2-2ea5-4fb3-b761-54a422e9080d,b64a5719-f130-4676-8c55-cebf9df679db,e3b29e0d-86e2-4322-a3b0-0c63796597bb,published,2,3,6,,0b8f9b41-89bf-4fa6-a024-eda3b454285d
cb1ab17c-435a-4a6b-88b6-d99aa0468781,Project 2,8a951cb2-2ea5-4fb3-b761-54a422e9080d,e7c43113-4444-45f9-b590-94e755bbb62e,e3b29e0d-86e2-4322-a3b0-0c63796597bb,published,2,5,5,,fdb63bf1-881b-4b89-91d5-43ad2622d8c0
2bfa1f04-6e85-4526-95b6-5aed77077dbd,Project 3,8a951cb2-2ea5-4fb3-b761-54a422e9080d,e7c43113-4444-45f9-b590-94e755bbb62e,e3b29e0d-86e2-4322-a3b0-0c63796597bb,published,5,1,3,,cb1ab17c-435a-4a6b-88b6-d99aa0468781
637cc746-ca02-4719-a481-48e433f897d1,Project 4,8a951cb2-2ea5-4fb3-b761-54a422e9080d,2b3f4a29-eaa6-454e-9ffc-78d0eb4ed7cf,e3b29e0d-86e2-4322-a3b0-0c63796597bb,published,1,2,2,,2bfa1f04-6e85-4526-95b6-5aed77077dbd
4ab77146-fc42-4664-860a-f0d0a96dc1c2,Project 5,8a951cb2-2ea5-4fb3-b761-54a422e9080d,4ac82bd2-c4a9-4aba-b3b4-8041b8f703e2,e3b29e0d-86e2-4322-a3b0-0c63796597bb,published,4,3,6,,637cc746-ca02-4719-a481-48e433f897d1
292a4698-b362-491c-a4e9-0efc99a3fb11,Project 6,8a951cb2-2ea5-4fb3-b761-54a422e9080d,2b3f4a29-eaa6-454e-9ffc-78d0eb4ed7cf,e3b29e0d-86e2-4322-a3b0-0c63796597bb,published,3,3,2,,4ab77146-fc42-4664-860a-f0d0a96dc1c2
5ca258b6-11b6-4df1-9516-6a83eb585b28,Project 7,8a951cb2-2ea5-4fb3-b761-54a422e9080d,2b3f4a29-eaa6-454e-9ffc-78d0eb4ed7cf,e3b29e0d-86e2-4322-a3b0-0c63796597bb,published,4,10,3,,292a4698-b362-491c-a4e9-0efc99a3fb11
696a3e89-4731-4bc6-b2a8-4d096963d35c,Project 8,8a951cb2-2ea5-4fb3-b761-54a422e9080d,924fafec-3259-4590-95e4-195fbf950f6b,e3b29e0d-86e2-4322-a3b0-0c63796597bb,published,1,9,6,,5ca258b6-11b6-4df1-9516-6a83eb585b28
dff4cc91-65d3-4145-8417-2481af9422a8,Project 9,8a951cb2-2ea5-4fb3-b761-54a422e9080d,e7c43113-4444-45f9-b590-94e755bbb62e,e3b29e0d-86e2-4322-a3b0-0c63796597bb,published,5,7,6,,696a3e89-4731-4bc6-b2a8-4d096963d35c
afd6c836-b185-4a85-89ad-074d486ffc88,Project 10,8a951cb2-2ea5-4fb3-b761-54a422e9080d,2b3f4a29-eaa6-454e-9ffc-78d0eb4ed7cf,e3b29e0d-86e2-4322-a3b0-0c63796597bb,published,4,6,5,,dff4cc91-65d3-4145-8417-2481af9422a8
0af5beec-4bef-4e7a-b991-8cc9a1a08f09,Project 11,8a951cb2-2ea5-4fb3-b761-54a422e9080d,0974f565-b24a-493b-bf3e-1781971e776f,e3b29e0d-86e2-4322-a3b0-0c63796597bb,published,3,6,5,,afd6c836-b185-4a85-89ad-074d486ffc88
c59fe63a-aaea-492a-9bcd-5e951434ecea,Project 1,5b91caea-e29b-4a08-8be4-7548cfad41c9,95b06d49-d198-4ad3-96df-d0a3d6e72784,e3b29e0d-86e2-4322-a3b0-0c63796597bb,published,5,10,1,,0af5beec-4bef-4e7a-b991-8cc9a1a08f09
3bc1c751-6d5f-4bda-952c-9000809c3884,Project 2,5b91caea-e29b-4a08-8be4-7548cfad41c9,e7c43113-4444-45f9-b590-94e755bbb62e,e3b29e0d-86e2-4322-a3b0-0c63796597bb,published,1,4,0,,c59fe63a-aaea-492a-9bcd-5e951434ecea
a96792e8-01a1-4638-8fb1-c44389d5a7e5,Project 3,5b91caea-e29b-4a08-8be4-7548cfad41c9,c38f2d3c-f9c2-449c-a7a9-8487c60848f0,e3b29e0d-86e2-4322-a3b0-0c63796597bb,published,1,4,6,,3bc1c751-6d5f-4bda-952c-9000809c3884
0e143708-843f-4445-b77d-1db87f27235e,Project 4,5b91caea-e29b-4a08-8be4-7548cfad41c9,924fafec-3259-4590-95e4-195fbf950f6b,e3b29e0d-86e2-4322-a3b0-0c63796597bb,published,2,4,0,,a96792e8-01a1-4638-8fb1-c44389d5a7e5
4a94e995-4041-40b8-af94-75dd35b5d714,Project 5,5b91caea-e29b-4a08-8be4-7548cfad41c9,c38f2d3c-f9c2-449c-a7a9-8487c60848f0,e3b29e0d-86e2-4322-a3b0-0c63796597bb,published,3,8,3,,0e143708-843f-4445-b77d-1db87f27235e
dc7d5ae4-952f-4ed4-a6a9-89c8e209b4ba,Project 6,5b91caea-e29b-4a08-8be4-7548cfad41c9,2b3f4a29-eaa6-454e-9ffc-78d0eb4ed7cf,e3b29e0d-86e2-4322-a3b0-0c63796597bb,published,5,1,6,,4a94e995-4041-40b8-af94-75dd35b5d714
65eb15bf-e429-4db1-8197-c2d99d5f1c2d,Project 7,5b91caea-e29b-4a08-8be4-7548cfad41c9,4ac82bd2-c4a9-4aba-b3b4-8041b8f703e2,e3b29e0d-86e2-4322-a3b0-0c63796597bb,published,2,4,1,,dc7d5ae4-952f-4ed4-a6a9-89c8e209b4ba
8fb117df-d5c5-43aa-a1ee-fbf856ee72b3,Project 8,5b91caea-e29b-4a08-8be4-7548cfad41c9,b64a5719-f130-4676-8c55-cebf9df679db,e3b29e0d-86e2-4322-a3b0-0c63796597bb,published,3,7,6,,65eb15bf-e429-4db1-8197-c2d99d5f1c2d
00140516-63aa-4ba7-8f41-7e68ac295fa3,Project 9,5b91caea-e29b-4a08-8be4-7548cfad41c9,95b06d49-d198-4ad3-96df-d0a3d6e72784,e3b29e0d-86e2-4322-a3b0-0c63796597bb,published,1,10,1,,8fb117df-d5c5-43aa-a1ee-fbf856ee72b3
d370b6e3-ba67-4c08-ad8c-7380ac623ea5,Project 10,5b91caea-e29b-4a08-8be4-7548cfad41c9,d48d3747-a2a8-457b-8f29-71f21d258755,e3b29e0d-86e2-4322-a3b0-0c63796597bb,published,5,4,4,,00140516-63aa-4ba7-8f41-7e68ac295fa3
387e24df-44e7-4311-90d6-441a2f86d77c,Project 11,5b91caea-e29b-4a08-8be4-7548cfad41c9,7688e129-2baf-45d8-9e7a-63e81c3c17a5,e3b29e0d-86e2-4322-a3b0-0c63796597bb,published,4,7,2,,d370b6e3-ba67-4c08-ad8c-7380ac623ea5
35b64b41-d494-4f56-9bef-dce27f47efb1,Project 1,3f713fac-71da-4023-b923-1d105affc8f5,924fafec-3259-4590-95e4-195fbf950f6b,0480356f-21b7-4f30-b558-b9b41ad7b0c2,published,3,1,2,,
72995836-7f24-4a5e-933f-7c491625dd25,Project 2,3f713fac-71da-4023-b923-1d105affc8f5,e7c43113-4444-45f9-b590-94e755bbb62e,0480356f-21b7-4f30-b558-b9b41ad7b0c2,published,5,8,5,,35b64b41-d494-4f56-9bef-dce27f47efb1
eb29531c-502f-4629-a822-3c0adb1f7cd7,Project 3,3f713fac-71da-4023-b923-1d105affc8f5,e7c43113-4444-45f9-b590-94e755bbb62e,0480356f-21b7-4f30-b558-b9b41ad7b0c2,published,5,4,5,,72995836-7f24-4a5e-933f-7c491625dd25
dcc58c55-484b-4f41-9bf9-23c0cc1e79d1,Project 4,3f713fac-71da-4023-b923-1d105affc8f5,2b3f4a29-eaa6-454e-9ffc-78d0eb4ed7cf,0480356f-21b7-4f30-b558-b9b41ad7b0c2,published,3,9,0,,eb29531c-502f-4629-a822-3c0adb1f7cd7
f4bcdfbd-ad5a-4028-b497-f975f8223f34,Project 5,3f713fac-71da-4023-b923-1d105affc8f5,d48d3747-a2a8-457b-8f29-71f21d258755,0480356f-21b7-4f30-b558-b9b41ad7b0c2,published,4,7,0,,dcc58c55-484b-4f41-9bf9-23c0cc1e79d1
8967694b-85ce-437c-bd9c-5805d70b9ea0,Project 6,3f713fac-71da-4023-b923-1d105affc8f5,d48d3747-a2a8-457b-8f29-71f21d258755,0480356f-21b7-4f30-b558-b9b41ad7b0c2,published,1,9,4,,f4bcdfbd-ad5a-4028-b497-f975f8223f34
d4e11f9a-9ee6-4c8b-a4a3-f74167732d65,Project 7,3f713fac-71da-4023-b923-1d105affc8f5,b64a5719-f130-4676-8c55-cebf9df679db,0480356f-21b7-4f30-b558-b9b41ad7b0c2,published,1,10,1,,8967694b-85ce-437c-bd9c-5805d70b9ea0
e893835e-672f-4da7-928f-bcc6d82cec68,Project 8,3f713fac-71da-4023-b923-1d105affc8f5,7688e129-2baf-45d8-9e7a-63e81c3c17a5,0480356f-21b7-4f30-b558-b9b41ad7b0c2,published,3,5,5,,d4e11f9a-9ee6-4c8b-a4a3-f74167732d65
aa4a5215-a941-4eb0-ba11-a94a298c5f21,Project 9,3f713fac-71da-4023-b923-1d105affc8f5,924fafec-3259-4590-95e4-195fbf950f6b,0480356f-21b7-4f30-b558-b9b41ad7b0c2,published,3,10,1,,e893835e-672f-4da7-928f-bcc6d82cec68
ae5c74eb-e192-4efa-b370-b9632e799af8,Project 10,3f713fac-71da-4023-b923-1d105affc8f5,95b06d49-d198-4ad3-96df-d0a3d6e72784,0480356f-21b7-4f30-b558-b9b41ad7b0c2,published,2,2,0,,aa4a5215-a941-4eb0-ba11-a94a298c5f21
a06db0e3-97de-4dc8-92eb-3ae29a441424,Project 11,3f713fac-71da-4023-b923-1d105affc8f5,c38f2d3c-f9c2-449c-a7a9-8487c60848f0,0480356f-21b7-4f30-b558-b9b41ad7b0c2,published,2,8,6,,ae5c74eb-e192-4efa-b370-b9632e799af8
4788b58d-5901-4df9-b13a-85bb43c755e0,Project 1,cf17a783-dc04-40dd-8929-8e652ac0956a,4ac82bd2-c4a9-4aba-b3b4-8041b8f703e2,0480356f-21b7-4f30-b558-b9b41ad7b0c2,published,3,9,6,,a06db0e3-97de-4dc8-92eb-3ae29a441424
25b2a463-fac3-4598-af6b-693fc7683453,Project 2,cf17a783-dc04-40dd-8929-8e652ac0956a,e7c43113-4444-45f9-b590-94e755bbb62e,0480356f-21b7-4f30-b558-b9b41ad7b0c2,published,5,2,3,,4788b58d-5901-4df9-b13a-85bb43c755e0
f4086193-5992-4ee9-aa34-964c12430984,Project 3,cf17a783-dc04-40dd-8929-8e652ac0956a,0974f565-b24a-493b-bf3e-1781971e776f,0480356f-21b7-4f30-b558-b9b41ad7b0c2,published,3,8,1,,25b2a463-fac3-4598-af6b-693fc7683453
85e761ff-620c-4a7d-878b-4eae5673c71f,Project 4,cf17a783-dc04-40dd-8929-8e652ac0956a,d48d3747-a2a8-457b-8f29-71f21d258755,0480356f-21b7-4f30-b558-b9b41ad7b0c2,published,4,3,1,,f4086193-5992-4ee9-aa34-964c12430984
6c4c6b15-10c0-48a0-93ba-76f1b862385f,Project 5,cf17a783-dc04-40dd-8929-8e652ac0956a,2b3f4a29-eaa6-454e-9ffc-78d0eb4ed7cf,0480356f-21b7-4f30-b558-b9b41ad7b0c2,published,2,3,6,,85e761ff-620c-4a7d-878b-4eae5673c71f
80677c55-112c-4d62-adf6-476e3aa24060,Project 6,cf17a783-dc04-40dd-8929-8e652ac0956a,0974f565-b24a-493b-bf3e-1781971e776f,0480356f-21b7-4f30-b558-b9b41ad7b0c2,published,3,1,2,,6c4c6b15-10c0-48a0-93ba-76f1b862385f
5f3d54d7-760f-483f-b0ab-0b972ff6d39d,Project 7,cf17a783-dc04-40dd-8929-8e652ac0956a,0974f565-b24a-493b-bf3e-1781971e776f,0480356f-21b7-4f30-b558-b9b41ad7b0c2,published,1,3,5,,80677c55-112c-4d62-adf6-476e3aa24060
51339e65-942f-41ed-808f-d8dd1b5cfe07,Project 8,cf17a783-dc04-40dd-8929-8e652ac0956a,4ac82bd2-c4a9-4aba-b3b4-8041b8f703e2,0480356f-21b7-4f30-b558-b9b41ad7b0c2,published,2,5,3,,5f3d54d7-760f-483f-b0ab-0b972ff6d39d
e6b252fa-7b68-445d-a698-32b77d1115b4,Project 9,cf17a783-dc04-40dd-8929-8e652ac0956a,4ac82bd2-c4a9-4aba-b3b4-8041b8f703e2,0480356f-21b7-4f30-b558-b9b41ad7b0c2,published,3,3,1,,51339e65-942f-41ed-808f-d8dd1b5cfe07
c35d3250-7c92-492d-baa2-c4aa92839429,Project 10,cf17a783-dc04-40dd-8929-8e652ac0956a,d48d3747-a2a8-457b-8f29-71f21d258755,0480356f-21b7-4f30-b558-b9b41ad7b0c2,published,1,4,6,,e6b252fa-7b68-445d-a698-32b77d1115b4
000a5f76-cbf3-418f-803f-937686c235ef,Project 11,cf17a783-dc04-40dd-8929-8e652ac0956a,0974f565-b24a-493b-bf3e-1781971e776f,0480356f-21b7-4f30-b558-b9b41ad7b0c2,published,1,10,0,,c35d3250-7c92-492d-baa2-c4aa92839429
18d06fbb-6c78-477f-b8d1-5972fc202a77,Project 1,04340c0e-bf84-46ee-a270-951106727bed,2b3f4a29-eaa6-454e-9ffc-78d0eb4ed7cf,0480356f-21b7-4f30-b558-b9b41ad7b0c2,published,1,6,3,,000a5f76-cbf3-418f-803f-937686c235ef
5181d8d3-8b64-4fa2-9734-eab4860af4f1,Project 2,04340c0e-bf84-46ee-a270-951106727bed,2b3f4a29-eaa6-454e-9ffc-78d0eb4ed7cf,0480356f-21b7-4f30-b558-b9b41ad7b0c2,published,2,2,0,,18d06fbb-6c78-477f-b8d1-5972fc202a77
3d336c24-de4f-4859-b1ad-b02d13565a18,Project 3,04340c0e-bf84-46ee-a270-951106727bed,b64a5719-f130-4676-8c55-cebf9df679db,0480356f-21b7-4f30-b558-b9b41ad7b0c2,published,3,8,2,,5181d8d3-8b64-4fa2-9734-eab4860af4f1
1f49a5be-db0f-4c1d-9769-93fbdb322657,Project 4,04340c0e-bf84-46ee-a270-951106727bed,e7c43113-4444-45f9-b590-94e755bbb62e,0480356f-21b7-4f30-b558-b9b41ad7b0c2,published,5,5,5,,3d336c24-de4f-4859-b1ad-b02d13565a18
ac558dd8-e40a-454d-a1e8-b693957f3d05,Project 5,04340c0e-bf84-46ee-a270-951106727bed,d48d3747-a2a8-457b-8f29-71f21d258755,0480356f-21b7-4f30-b558-b9b41ad7b0c2,published,3,9,2,,1f49a5be-db0f-4c1d-9769-93fbdb322657
4fb96d88-4b87-4de1-ba17-424c3b5f2e81,Project 6,04340c0e-bf84-46ee-a270-951106727bed,95b06d49-d198-4ad3-96df-d0a3d6e72784,0480356f-21b7-4f30-b558-b9b41ad7b0c2,published,1,7,1,,ac558dd8-e40a-454d-a1e8-b693957f3d05
588afe2c-ffa7-441c-b84d-66994ba4b212,Project 7,04340c0e-bf84-46ee-a270-951106727bed,924fafec-3259-4590-95e4-195fbf950f6b,0480356f-21b7-4f30-b558-b9b41ad7b0c2,published,2,1,6,,4fb96d88-4b87-4de1-ba17-424c3b5f2e81
c1b7a9ae-7034-469d-ac08-7404a7813943,Project 8,04340c0e-bf84-46ee-a270-951106727bed,b64a5719-f130-4676-8c55-cebf9df679db,0480356f-21b7-4f30-b558-b9b41ad7b0c2,published,1,5,3,,588afe2c-ffa7-441c-b84d-66994ba4b212
83a3b78e-6d47-40c4-bf2b-df1a6e6a85ab,Project 9,04340c0e-bf84-46ee-a270-951106727bed,c38f2d3c-f9c2-449c-a7a9-8487c60848f0,0480356f-21b7-4f30-b558-b9b41ad7b0c2,published,3,9,1,,c1b7a9ae-7034-469d-ac08-7404a7813943
b4735829-2cfe-49c4-ac7b-e115439b24b1,Project 10,04340c0e-bf84-46ee-a270-951106727bed,4ac82bd2-c4a9-4aba-b3b4-8041b8f703e2,0480356f-21b7-4f30-b558-b9b41ad7b0c2,published,1,8,2,,83a3b78e-6d47-40c4-bf2b-df1a6e6a85ab
fd0b7db1-bbd1-4409-bd37-34659ba2644b,Project 11,04340c0e-bf84-46ee-a270-951106727bed,95b06d49-d198-4ad3-96df-d0a3d6e72784,0480356f-21b7-4f30-b558-b9b41ad7b0c2,published,1,1,3,,b4735829-2cfe-49c4-ac7b-e115439b24b1
cef5aeaa-e2c6-4c9d-9cab-5097ed4753b8,Project 1,ceba364f-35ee-4e88-8390-de683f238fa7,4ac82bd2-c4a9-4aba-b3b4-8041b8f703e2,0480356f-21b7-4f30-b558-b9b41ad7b0c2,published,1,8,0,,fd0b7db1-bbd1-4409-bd37-34659ba2644b
e30c4eea-9db4-4ab9-9421-c87e2d2fdbd8,Project 2,ceba364f-35ee-4e88-8390-de683f238fa7,0974f565-b24a-493b-bf3e-1781971e776f,0480356f-21b7-4f30-b558-b9b41ad7b0c2,published,4,9,1,,cef5aeaa-e2c6-4c9d-9cab-5097ed4753b8
e414b5b8-693c-4fb1-b4f3-fd9c3b027e9a,Project 3,ceba364f-35ee-4e88-8390-de683f238fa7,c38f2d3c-f9c2-449c-a7a9-8487c60848f0,0480356f-21b7-4f30-b558-b9b41ad7b0c2,published,2,3,0,,e30c4eea-9db4-4ab9-9421-c87e2d2fdbd8
09bdf683-c9ec-46f2-b283-884f27836bf2,Project 4,ceba364f-35ee-4e88-8390-de683f238fa7,c38f2d3c-f9c2-449c-a7a9-8487c60848f0,0480356f-21b7-4f30-b558-b9b41ad7b0c2,published,2,7,6,,e414b5b8-693c-4fb1-b4f3-fd9c3b027e9a
c3d33911-5684-42a9-a8f5-3535f0cc7d23,Project 5,ceba364f-35ee-4e88-8390-de683f238fa7,d48d3747-a2a8-457b-8f29-71f21d258755,0480356f-21b7-4f30-b558-b9b41ad7b0c2,published,5,2,2,,09bdf683-c9ec-46f2-b283-884f27836bf2
e426026e-e9a9-4acd-bd65-fb32d667a8e3,Project 6,ceba364f-35ee-4e88-8390-de683f238fa7,95b06d49-d198-4ad3-96df-d0a3d6e72784,0480356f-21b7-4f30-b558-b9b41ad7b0c2,published,5,3,1,,c3d33911-5684-42a9-a8f5-3535f0cc7d23
8f4a2eaf-b042-4490-8c41-6f2522b2f08a,Project 7,ceba364f-35ee-4e88-8390-de683f238fa7,d48d3747-a2a8-457b-8f29-71f21d258755,0480356f-21b7-4f30-b558-b9b41ad7b0c2,published,2,3,3,,e426026e-e9a9-4acd-bd65-fb32d667a8e3
ccecefc9-e6b5-487c-8cfe-d9e99a36e711,Project 8,ceba364f-35ee-4e88-8390-de683f238fa7,95b06d49-d198-4ad3-96df-d0a3d6e72784,0480356f-21b7-4f30-b558-b9b41ad7b0c2,published,1,6,2,,8f4a2eaf-b042-4490-8c41-6f2522b2f08a
3e9c1508-065d-4798-83a8-b2896c6bf62c,Project 9,ceba364f-35ee-4e88-8390-de683f238fa7,95b06d49-d198-4ad3-96df-d0a3d6e72784,0480356f-21b7-4f30-b558-b9b41ad7b0c2,published,3,8,3,,ccecefc9-e6b5-487c-8cfe-d9e99a36e711
369f7c15-fc73-41ea-9a78-d2d17ee7c291,Project 10,ceba364f-35ee-4e88-8390-de683f238fa7,2b3f4a29-eaa6-454e-9ffc-78d0eb4ed7cf,0480356f-21b7-4f30-b558-b9b41ad7b0c2,published,2,7,5,,3e9c1508-065d-4798-83a8-b2896c6bf62c
66064a54-cfc3-49f0-930a-b1584a800001,Project 11,ceba364f-35ee-4e88-8390-de683f238fa7,924fafec-3259-4590-95e4-195fbf950f6b,0480356f-21b7-4f30-b558-b9b41ad7b0c2,published,3,5,4,,369f7c15-fc73-41ea-9a78-d2d17ee7c291
4030da57-5d88-41ec-a25c-18cca6bb252a,Project 1,75403de4-d3fd-4738-b286-d69f3da326ee,0974f565-b24a-493b-bf3e-1781971e776f,0480356f-21b7-4f30-b558-b9b41ad7b0c2,published,4,3,2,,66064a54-cfc3-49f0-930a-b1584a800001
3ea36804-7951-41e1-8047-2ec7fe895193,Project 2,75403de4-d3fd-4738-b286-d69f3da326ee,e7c43113-4444-45f9-b590-94e755bbb62e,0480356f-21b7-4f30-b558-b9b41ad7b0c2,published,1,6,6,,4030da57-5d88-41ec-a25c-18cca6bb252a
69457c20-0e44-4f15-b3ee-a6bf274417e9,Project 3,75403de4-d3fd-4738-b286-d69f3da326ee,2b3f4a29-eaa6-454e-9ffc-78d0eb4ed7cf,0480356f-21b7-4f30-b558-b9b41ad7b0c2,published,1,6,5,,3ea36804-7951-41e1-8047-2ec7fe895193
dfccf8e9-d2b4-4563-83d5-3bc330091959,Project 4,75403de4-d3fd-4738-b286-d69f3da326ee,e7c43113-4444-45f9-b590-94e755bbb62e,0480356f-21b7-4f30-b558-b9b41ad7b0c2,published,2,2,1,,69457c20-0e44-4f15-b3ee-a6bf274417e9
e89e465f-c9a9-4136-8aed-7e73d5033fee,Project 5,75403de4-d3fd-4738-b286-d69f3da326ee,924fafec-3259-4590-95e4-195fbf950f6b,0480356f-21b7-4f30-b558-b9b41ad7b0c2,published,1,6,4,,dfccf8e9-d2b4-4563-83d5-3bc330091959
70a5d6a0-9a75-41d7-847a-634010f1d45c,Project 6,75403de4-d3fd-4738-b286-d69f3da326ee,e7c43113-4444-45f9-b590-94e755bbb62e,0480356f-21b7-4f30-b558-b9b41ad7b0c2,published,2,2,3,,e89e465f-c9a9-4136-8aed-7e73d5033fee
bcbae644-f8cb-4178-9b38-97f7fa294de9,Project 7,75403de4-d3fd-4738-b286-d69f3da326ee,d48d3747-a2a8-457b-8f29-71f21d258755,0480356f-21b7-4f30-b558-b9b41ad7b0c2,published,1,4,2,,70a5d6a0-9a75-41d7-847a-634010f1d45c
72e54dc2-c40a-4c4f-bcec-e0d426856b76,Project 8,75403de4-d3fd-4738-b286-d69f3da326ee,924fafec-3259-4590-95e4-195fbf950f6b,0480356f-21b7-4f30-b558-b9b41ad7b0c2,published,2,4,6,,bcbae644-f8cb-4178-9b38-97f7fa294de9
1573dd2b-542e-424b-ae26-60e9778ee9a8,Project 9,75403de4-d3fd-4738-b286-d69f3da326ee,4ac82bd2-c4a9-4aba-b3b4-8041b8f703e2,0480356f-21b7-4f30-b558-b9b41ad7b0c2,published,5,3,1,,72e54dc2-c40a-4c4f-bcec-e0d426856b76
9ef7be16-b0c4-4fef-8165-bed8d8dc1e26,Project 10,75403de4-d3fd-4738-b286-d69f3da326ee,c38f2d3c-f9c2-449c-a7a9-8487c60848f0,0480356f-21b7-4f30-b558-b9b41ad7b0c2,published,1,7,3,,1573dd2b-542e-424b-ae26-60e9778ee9a8
1a10366f-c17b-4503-ac8d-75583d4842bf,Project 11,75403de4-d3fd-4738-b286-d69f3da326ee,c38f2d3c-f9c2-449c-a7a9-8487c60848f0,0480356f-21b7-4f30-b558-b9b41ad7b0c2,published,3,2,6,,9ef7be16-b0c4-4fef-8165-bed8d8dc1e26
19a86734-6cd9-4208-8ab9-2ea74deb7161,Project 1,68b0ba18-78c4-4d85-afef-4e1062e737f2,2b3f4a29-eaa6-454e-9ffc-78d0eb4ed7cf,0480356f-21b7-4f30-b558-b9b41ad7b0c2,published,1,4,4,,1a10366f-c17b-4503-ac8d-75583d4842bf
0f8210a1-69be-47ce-9825-ebc6fd5b7544,Project 2,68b0ba18-78c4-4d85-afef-4e1062e737f2,2b3f4a29-eaa6-454e-9ffc-78d0eb4ed7cf,0480356f-21b7-4f30-b558-b9b41ad7b0c2,published,2,2,0,,19a86734-6cd9-4208-8ab9-2ea74deb7161
9f5e56dd-3059-47b1-9457-7d3d58b2d2f4,Project 3,68b0ba18-78c4-4d85-afef-4e1062e737f2,7688e129-2baf-45d8-9e7a-63e81c3c17a5,0480356f-21b7-4f30-b558-b9b41ad7b0c2,published,1,8,6,,0f8210a1-69be-47ce-9825-ebc6fd5b7544
85df676a-184b-425a-a9e0-a3576a7b8268,Project 4,68b0ba18-78c4-4d85-afef-4e1062e737f2,d48d3747-a2a8-457b-8f29-71f21d258755,0480356f-21b7-4f30-b558-b9b41ad7b0c2,published,3,9,5,,9f5e56dd-3059-47b1-9457-7d3d58b2d2f4
2417b9cf-b13a-43f5-b669-867e3ae59c89,Project 5,68b0ba18-78c4-4d85-afef-4e1062e737f2,95b06d49-d198-4ad3-96df-d0a3d6e72784,0480356f-21b7-4f30-b558-b9b41ad7b0c2,published,2,10,4,,85df676a-184b-425a-a9e0-a3576a7b8268
9e5157fb-1daa-4145-b1fe-158399e7648b,Project 6,68b0ba18-78c4-4d85-afef-4e1062e737f2,2b3f4a29-eaa6-454e-9ffc-78d0eb4ed7cf,0480356f-21b7-4f30-b558-b9b41ad7b0c2,published,3,1,6,,2417b9cf-b13a-43f5-b669-867e3ae59c89
87911207-f2af-427f-8b37-713e9d555459,Project 7,68b0ba18-78c4-4d85-afef-4e1062e737f2,0974f565-b24a-493b-bf3e-1781971e776f,0480356f-21b7-4f30-b558-b9b41ad7b0c2,published,5,3,3,,9e5157fb-1daa-4145-b1fe-158399e7648b
02508312-52da-4d3e-a56d-dd63fce2bc2e,Project 8,68b0ba18-78c4-4d85-afef-4e1062e737f2,d48d3747-a2a8-457b-8f29-71f21d258755,0480356f-21b7-4f30-b558-b9b41ad7b0c2,published,2,7,4,,87911207-f2af-427f-8b37-713e9d555459
ae282492-738a-4440-814b-de03cd56bb22,Project 9,68b0ba18-78c4-4d85-afef-4e1062e737f2,d48d3747-a2a8-457b-8f29-71f21d258755,0480356f-21b7-4f30-b558-b9b41ad7b0c2,published,4,5,3,,02508312-52da-4d3e-a56d-dd63fce2bc2e
633afcb6-8733-4937-b7e2-96a9d87e139a,Project 10,68b0ba18-78c4-4d85-afef-4e1062e737f2,2b3f4a29-eaa6-454e-9ffc-78d0eb4ed7cf,0480356f-21b7-4f30-b558-b9b41ad7b0c2,published,4,5,4,,ae282492-738a-4440-814b-de03cd56bb22
02d282ba-b61c-47aa-b19b-fd4b82c269c9,Project 11,68b0ba18-78c4-4d85-afef-4e1062e737f2,e7c43113-4444-45f9-b590-94e755bbb62e,0480356f-21b7-4f30-b558-b9b41ad7b0c2,published,5,4,5,,633afcb6-8733-4937-b7e2-96a9d87e139a
f13fad3b-a1e2-4999-9ab2-b52c64e6313d,Project 1,927eea0d-32bf-44a9-8c96-400701895757,4ac82bd2-c4a9-4aba-b3b4-8041b8f703e2,0480356f-21b7-4f30-b558-b9b41ad7b0c2,published,5,8,2,,02d282ba-b61c-47aa-b19b-fd4b82c269c9
6c019508-f559-49bc-b215-a4c7f93a6cec,Project 2,927eea0d-32bf-44a9-8c96-400701895757,b64a5719-f130-4676-8c55-cebf9df679db,0480356f-21b7-4f30-b558-b9b41ad7b0c2,published,2,7,4,,f13fad3b-a1e2-4999-9ab2-b52c64e6313d
455aaf3a-63ca-498b-a99e-1e20757f7895,Project 3,927eea0d-32bf-44a9-8c96-400701895757,c38f2d3c-f9c2-449c-a7a9-8487c60848f0,0480356f-21b7-4f30-b558-b9b41ad7b0c2,published,4,3,1,,6c019508-f559-49bc-b215-a4c7f93a6cec
ea99e556-6e45-4ec1-bad8-131a8bb55f01,Project 4,927eea0d-32bf-44a9-8c96-400701895757,4ac82bd2-c4a9-4aba-b3b4-8041b8f703e2,0480356f-21b7-4f30-b558-b9b41ad7b0c2,published,2,8,5,,455aaf3a-63ca-498b-a99e-1e20757f7895
3f58a676-9346-49fb-a727-6fb1b499eb24,Project 5,927eea0d-32bf-44a9-8c96-400701895757,924fafec-3259-4590-95e4-195fbf950f6b,0480356f-21b7-4f30-b558-b9b41ad7b0c2,published,2,5,4,,ea99e556-6e45-4ec1-bad8-131a8bb55f01
a2575b26-d602-4b52-87b6-495d7b3b80cb,Project 6,927eea0d-32bf-44a9-8c96-400701895757,b64a5719-f130-4676-8c55-cebf9df679db,0480356f-21b7-4f30-b558-b9b41ad7b0c2,published,4,3,1,,3f58a676-9346-49fb-a727-6fb1b499eb24
ab3d20c5-b3db-4e05-b0e5-8ea703c6644d,Project 7,927eea0d-32bf-44a9-8c96-400701895757,c38f2d3c-f9c2-449c-a7a9-8487c60848f0,0480356f-21b7-4f30-b558-b9b41ad7b0c2,published,4,4,0,,a2575b26-d602-4b52-87b6-495d7b3b80cb
070bd01d-fe24-48a0-b5b7-3a33b57bfad7,Project 8,927eea0d-32bf-44a9-8c96-400701895757,924fafec-3259-4590-95e4-195fbf950f6b,0480356f-21b7-4f30-b558-b9b41ad7b0c2,published,4,5,0,,ab3d20c5-b3db-4e05-b0e5-8ea703c6644d
abeab828-cc77-4776-a05b-2397ce428ad1,Project 9,927eea0d-32bf-44a9-8c96-400701895757,2b3f4a29-eaa6-454e-9ffc-78d0eb4ed7cf,0480356f-21b7-4f30-b558-b9b41ad7b0c2,published,3,9,2,,070bd01d-fe24-48a0-b5b7-3a33b57bfad7
bca754bb-7dfc-46bd-a589-e2fcf31fdc16,Project 10,927eea0d-32bf-44a9-8c96-400701895757,2b3f4a29-eaa6-454e-9ffc-78d0eb4ed7cf,0480356f-21b7-4f30-b558-b9b41ad7b0c2,published,2,8,2,,abeab828-cc77-4776-a05b-2397ce428ad1
21e59940-fe4c-4ac4-8d1e-140892407075,Project 11,927eea0d-32bf-44a9-8c96-400701895757,95b06d49-d198-4ad3-96df-d0a3d6e72784,0480356f-21b7-4f30-b558-b9b41ad7b0c2,published,4,8,6,,bca754bb-7dfc-46bd-a589-e2fcf31fdc16
a6926b23-4489-4a9d-8238-765908c6428d,Project 1,89c306bd-6554-4645-b780-5da972d64540,d48d3747-a2a8-457b-8f29-71f21d258755,0480356f-21b7-4f30-b558-b9b41ad7b0c2,published,1,3,6,,21e59940-fe4c-4ac4-8d1e-140892407075
c7cf6a4f-ce76-4788-8192-dca66e6e5a88,Project 2,89c306bd-6554-4645-b780-5da972d64540,b64a5719-f130-4676-8c55-cebf9df679db,0480356f-21b7-4f30-b558-b9b41ad7b0c2,published,3,6,3,,a6926b23-4489-4a9d-8238-765908c6428d
4f2e1b7a-4250-43d6-957a-683fb5de8c27,Project 3,89c306bd-6554-4645-b780-5da972d64540,d48d3747-a2a8-457b-8f29-71f21d258755,0480356f-21b7-4f30-b558-b9b41ad7b0c2,published,1,2,6,,c7cf6a4f-ce76-4788-8192-dca66e6e5a88
92a0151d-f9c0-4b6f-82d1-eb7ba5a745d5,Project 4,89c306bd-6554-4645-b780-5da972d64540,c38f2d3c-f9c2-449c-a7a9-8487c60848f0,0480356f-21b7-4f30-b558-b9b41ad7b0c2,published,1,6,0,,4f2e1b7a-4250-43d6-957a-683fb5de8c27
f096834d-a0ce-4888-ae2f-b0c3be98070e,Project 5,89c306bd-6554-4645-b780-5da972d64540,7688e129-2baf-45d8-9e7a-63e81c3c17a5,0480356f-21b7-4f30-b558-b9b41ad7b0c2,published,2,3,2,,92a0151d-f9c0-4b6f-82d1-eb7ba5a745d5
4d686a8a-0372-4987-9cd9-486ff19481c7,Project 6,89c306bd-6554-4645-b780-5da972d64540,4ac82bd2-c4a9-4aba-b3b4-8041b8f703e2,0480356f-21b7-4f30-b558-b9b41ad7b0c2,published,4,6,2,,f096834d-a0ce-4888-ae2f-b0c3be98070e
1227508d-fee7-4397-9861-dc7fcb4f7898,Project 7,89c306bd-6554-4645-b780-5da972d64540,2b3f4a29-eaa6-454e-9ffc-78d0eb4ed7cf,0480356f-21b7-4f30-b558-b9b41ad7b0c2,published,2,8,6,,4d686a8a-0372-4987-9cd9-486ff19481c7
a6eaebf7-f801-4939-9825-940f70a89a5d,Project 8,89c306bd-6554-4645-b780-5da972d64540,2b3f4a29-eaa6-454e-9ffc-78d0eb4ed7cf,0480356f-21b7-4f30-b558-b9b41ad7b0c2,published,1,1,0,,1227508d-fee7-4397-9861-dc7fcb4f7898
c2cd509c-de25-4ab4-a285-2204a034af0d,Project 9,89c306bd-6554-4645-b780-5da972d64540,e7c43113-4444-45f9-b590-94e755bbb62e,0480356f-21b7-4f30-b558-b9b41ad7b0c2,published,1,6,6,,a6eaebf7-f801-4939-9825-940f70a89a5d
4edd0c56-9915-4df0-8a97-40b2881d6631,Project 10,89c306bd-6554-4645-b780-5da972d64540,7688e129-2baf-45d8-9e7a-63e81c3c17a5,0480356f-21b7-4f30-b558-b9b41ad7b0c2,published,3,3,6,,c2cd509c-de25-4ab4-a285-2204a034af0d
2afa5f77-9c5c-43a6-a43c-1227eaa79f42,Project 11,89c306bd-6554-4645-b780-5da972d64540,0974f565-b24a-493b-bf3e-1781971e776f,0480356f-21b7-4f30-b558-b9b41ad7b0c2,published,5,6,4,,4edd0c56-9915-4df0-8a97-40b2881d6631
c674018d-cd1d-4b09-99bb-eaf012910d79,Project 1,3e2d0784-3c53-4b26-96e1-bcf5763ad42d,924fafec-3259-4590-95e4-195fbf950f6b,0480356f-21b7-4f30-b558-b9b41ad7b0c2,published,1,2,1,,2afa5f77-9c5c-43a6-a43c-1227eaa79f42
82e425a5-1754-4dd9-b100-2c258c4daa88,Project 2,3e2d0784-3c53-4b26-96e1-bcf5763ad42d,4ac82bd2-c4a9-4aba-b3b4-8041b8f703e2,0480356f-21b7-4f30-b558-b9b41ad7b0c2,published,1,2,0,,c674018d-cd1d-4b09-99bb-eaf012910d79
2ddefda9-ca9d-4f1d-b3f4-2d4619886dbd,Project 3,3e2d0784-3c53-4b26-96e1-bcf5763ad42d,95b06d49-d198-4ad3-96df-d0a3d6e72784,0480356f-21b7-4f30-b558-b9b41ad7b0c2,published,2,1,2,,82e425a5-1754-4dd9-b100-2c258c4daa88
631af68c-4f31-467d-ba0d-69b362ed2e89,Project 4,3e2d0784-3c53-4b26-96e1-bcf5763ad42d,e7c43113-4444-45f9-b590-94e755bbb62e,0480356f-21b7-4f30-b558-b9b41ad7b0c2,published,2,7,2,,2ddefda9-ca9d-4f1d-b3f4-2d4619886dbd
8e8336cd-e545-4e40-8e80-c62090338574,Project 5,3e2d0784-3c53-4b26-96e1-bcf5763ad42d,7688e129-2baf-45d8-9e7a-63e81c3c17a5,0480356f-21b7-4f30-b558-b9b41ad7b0c2,published,4,6,6,,631af68c-4f31-467d-ba0d-69b362ed2e89
57797fa2-21bf-49b9-bff6-b3e2923447e8,Project 6,3e2d0784-3c53-4b26-96e1-bcf5763ad42d,e7c43113-4444-45f9-b590-94e755bbb62e,0480356f-21b7-4f30-b558-b9b41ad7b0c2,published,3,10,1,,8e8336cd-e545-4e40-8e80-c62090338574
dc7797a7-9c2c-4e21-8281-88a31a09778f,Project 7,3e2d0784-3c53-4b26-96e1-bcf5763ad42d,4ac82bd2-c4a9-4aba-b3b4-8041b8f703e2,0480356f-21b7-4f30-b558-b9b41ad7b0c2,published,1,10,1,,57797fa2-21bf-49b9-bff6-b3e2923447e8
387d36a9-e2be-40dc-88b9-12fbb818b12e,Project 8,3e2d0784-3c53-4b26-96e1-bcf5763ad42d,4ac82bd2-c4a9-4aba-b3b4-8041b8f703e2,0480356f-21b7-4f30-b558-b9b41ad7b0c2,published,3,6,2,,dc7797a7-9c2c-4e21-8281-88a31a09778f
e8a56d8c-66a8-4f21-9b73-d87f345077b3,Project 9,3e2d0784-3c53-4b26-96e1-bcf5763ad42d,95b06d49-d198-4ad3-96df-d0a3d6e72784,0480356f-21b7-4f30-b558-b9b41ad7b0c2,published,1,10,2,,387d36a9-e2be-40dc-88b9-12fbb818b12e
16b9fdf1-d245-4042-987a-92737b21951c,Project 10,3e2d0784-3c53-4b26-96e1-bcf5763ad42d,4ac82bd2-c4a9-4aba-b3b4-8041b8f703e2,0480356f-21b7-4f30-b558-b9b41ad7b0c2,published,5,7,1,,e8a56d8c-66a8-4f21-9b73-d87f345077b3
1cc41aa3-4183-42bf-bb57-ba3b9458f5c0,Project 11,3e2d0784-3c53-4b26-96e1-bcf5763ad42d,924fafec-3259-4590-95e4-195fbf950f6b,0480356f-21b7-4f30-b558-b9b41ad7b0c2,published,2,3,5,,16b9fdf1-d245-4042-987a-92737b21951c
582ebe00-88a4-4b46-93ae-df944cde89f9,Project 1,54874537-7534-4e31-aa14-def8fa437bfd,4ac82bd2-c4a9-4aba-b3b4-8041b8f703e2,0480356f-21b7-4f30-b558-b9b41ad7b0c2,published,1,3,3,,1cc41aa3-4183-42bf-bb57-ba3b9458f5c0
03ed97a5-28fa-416c-a497-64186ff2513b,Project 2,54874537-7534-4e31-aa14-def8fa437bfd,0974f565-b24a-493b-bf3e-1781971e776f,0480356f-21b7-4f30-b558-b9b41ad7b0c2,published,5,9,1,,582ebe00-88a4-4b46-93ae-df944cde89f9
8536a9bd-3bfe-48e0-a2d1-609bef1503cf,Project 3,54874537-7534-4e31-aa14-def8fa437bfd,4ac82bd2-c4a9-4aba-b3b4-8041b8f703e2,0480356f-21b7-4f30-b558-b9b41ad7b0c2,published,5,3,0,,03ed97a5-28fa-416c-a497-64186ff2513b
f9553cea-55db-479f-9339-b385270ebe5f,Project 4,54874537-7534-4e31-aa14-def8fa437bfd,d48d3747-a2a8-457b-8f29-71f21d258755,0480356f-21b7-4f30-b558-b9b41ad7b0c2,published,5,5,5,,8536a9bd-3bfe-48e0-a2d1-609bef1503cf
5327c914-b5db-4279-bc13-ae082c248f1f,Project 5,54874537-7534-4e31-aa14-def8fa437bfd,d48d3747-a2a8-457b-8f29-71f21d258755,0480356f-21b7-4f30-b558-b9b41ad7b0c2,published,4,8,4,,f9553cea-55db-479f-9339-b385270ebe5f
e565832a-b722-4f19-b8a0-42757b6269f1,Project 6,54874537-7534-4e31-aa14-def8fa437bfd,2b3f4a29-eaa6-454e-9ffc-78d0eb4ed7cf,0480356f-21b7-4f30-b558-b9b41ad7b0c2,published,3,9,2,,5327c914-b5db-4279-bc13-ae082c248f1f
daa65a13-9ddc-4ddf-b153-a62347104f46,Project 7,54874537-7534-4e31-aa14-def8fa437bfd,7688e129-2baf-45d8-9e7a-63e81c3c17a5,0480356f-21b7-4f30-b558-b9b41ad7b0c2,published,1,5,6,,e565832a-b722-4f19-b8a0-42757b6269f1
3b91055b-26da-4fbc-9b16-620e82cb1a15,Project 8,54874537-7534-4e31-aa14-def8fa437bfd,c38f2d3c-f9c2-449c-a7a9-8487c60848f0,0480356f-21b7-4f30-b558-b9b41ad7b0c2,published,4,8,2,,daa65a13-9ddc-4ddf-b153-a62347104f46
2841669f-accc-4eee-a386-b9d2ebf625fd,Project 9,54874537-7534-4e31-aa14-def8fa437bfd,b64a5719-f130-4676-8c55-cebf9df679db,0480356f-21b7-4f30-b558-b9b41ad7b0c2,published,4,10,5,,3b91055b-26da-4fbc-9b16-620e82cb1a15
67be1d7b-59b4-4a8a-b4ac-22e97e02ce92,Project 10,54874537-7534-4e31-aa14-def8fa437bfd,924fafec-3259-4590-95e4-195fbf950f6b,0480356f-21b7-4f30-b558-b9b41ad7b0c2,published,4,6,0,,2841669f-accc-4eee-a386-b9d2ebf625fd
8b1197d2-090b-4713-a44c-08011b3db6fc,Project 11,54874537-7534-4e31-aa14-def8fa437bfd,c38f2d3c-f9c2-449c-a7a9-8487c60848f0,0480356f-21b7-4f30-b558-b9b41ad7b0c2,published,2,4,2,,67be1d7b-59b4-4a8a-b4ac-22e97e02ce92
a1676590-fc48-4740-800d-b4343ebe99f6,Project 1,381ff280-1e41-4e61-8d5b-82776e412d7c,924fafec-3259-4590-95e4-195fbf950f6b,0480356f-21b7-4f30-b558-b9b41ad7b0c2,published,1,9,6,,8b1197d2-090b-4713-a44c-08011b3db6fc
d068a889-685b-4564-ab3b-fc6b3422deb2,Project 2,381ff280-1e41-4e61-8d5b-82776e412d7c,4ac82bd2-c4a9-4aba-b3b4-8041b8f703e2,0480356f-21b7-4f30-b558-b9b41ad7b0c2,published,1,2,3,,a1676590-fc48-4740-800d-b4343ebe99f6
aaa78065-573b-479d-9067-202ee752de61,Project 3,381ff280-1e41-4e61-8d5b-82776e412d7c,0974f565-b24a-493b-bf3e-1781971e776f,0480356f-21b7-4f30-b558-b9b41ad7b0c2,published,4,2,0,,d068a889-685b-4564-ab3b-fc6b3422deb2
dc4e0cab-0be0-4c6c-af0a-d211e776678b,Project 4,381ff280-1e41-4e61-8d5b-82776e412d7c,95b06d49-d198-4ad3-96df-d0a3d6e72784,0480356f-21b7-4f30-b558-b9b41ad7b0c2,published,3,5,0,,aaa78065-573b-479d-9067-202ee752de61
fc43a775-1b03-450d-aa23-7d9590e81011,Project 5,381ff280-1e41-4e61-8d5b-82776e412d7c,7688e129-2baf-45d8-9e7a-63e81c3c17a5,0480356f-21b7-4f30-b558-b9b41ad7b0c2,published,5,7,5,,dc4e0cab-0be0-4c6c-af0a-d211e776678b
f1bd5904-22ba-4349-9861-8a594d75437b,Project 6,381ff280-1e41-4e61-8d5b-82776e412d7c,924fafec-3259-4590-95e4-195fbf950f6b,0480356f-21b7-4f30-b558-b9b41ad7b0c2,published,5,8,0,,fc43a775-1b03-450d-aa23-7d9590e81011
a9ce8353-16f6-4eaf-86fe-d60021c1b514,Project 7,381ff280-1e41-4e61-8d5b-82776e412d7c,c38f2d3c-f9c2-449c-a7a9-8487c60848f0,0480356f-21b7-4f30-b558-b9b41ad7b0c2,published,5,5,1,,f1bd5904-22ba-4349-9861-8a594d75437b
604b184e-0c83-440a-ad09-9b40fdf5fbc6,Project 8,381ff280-1e41-4e61-8d5b-82776e412d7c,924fafec-3259-4590-95e4-195fbf950f6b,0480356f-21b7-4f30-b558-b9b41ad7b0c2,published,4,7,5,,a9ce8353-16f6-4eaf-86fe-d60021c1b514
b8082a13-1972-44a6-9bb5-6038a5a566e5,Project 9,381ff280-1e41-4e61-8d5b-82776e412d7c,2b3f4a29-eaa6-454e-9ffc-78d0eb4ed7cf,0480356f-21b7-4f30-b558-b9b41ad7b0c2,published,4,9,1,,604b184e-0c83-440a-ad09-9b40fdf5fbc6
a4ea2207-2894-4e5a-9e5f-925a220afce1,Project 10,381ff280-1e41-4e61-8d5b-82776e412d7c,0974f565-b24a-493b-bf3e-1781971e776f,0480356f-21b7-4f30-b558-b9b41ad7b0c2,published,3,1,6,,b8082a13-1972-44a6-9bb5-6038a5a566e5
d3cc6c94-9b24-4c6c-99e4-01d964669014,Project 11,381ff280-1e41-4e61-8d5b-82776e412d7c,7688e129-2baf-45d8-9e7a-63e81c3c17a5,0480356f-21b7-4f30-b558-b9b41ad7b0c2,published,2,2,0,,a4ea2207-2894-4e5a-9e5f-925a220afce1
ec93b350-00ed-4e3c-ad47-63061463b680,Project 1,01a0f818-fbd3-4ba6-9001-bf1655f90fbf,e7c43113-4444-45f9-b590-94e755bbb62e,f5ba003f-350d-4f4c-923f-0ea9c86860c3,published,3,7,4,,
6d1b783f-6d09-4023-ae69-b7b1497e2002,Project 2,01a0f818-fbd3-4ba6-9001-bf1655f90fbf,7688e129-2baf-45d8-9e7a-63e81c3c17a5,f5ba003f-350d-4f4c-923f-0ea9c86860c3,published,1,4,6,,ec93b350-00ed-4e3c-ad47-63061463b680
64219dcd-ecad-42cc-8a84-80b9bcb4851f,Project 3,01a0f818-fbd3-4ba6-9001-bf1655f90fbf,4ac82bd2-c4a9-4aba-b3b4-8041b8f703e2,f5ba003f-350d-4f4c-923f-0ea9c86860c3,published,5,2,0,,6d1b783f-6d09-4023-ae69-b7b1497e2002
26bc7327-1b11-4866-9f8a-e364fc8f06e8,Project 4,01a0f818-fbd3-4ba6-9001-bf1655f90fbf,924fafec-3259-4590-95e4-195fbf950f6b,f5ba003f-350d-4f4c-923f-0ea9c86860c3,published,1,6,6,,64219dcd-ecad-42cc-8a84-80b9bcb4851f
d59ce40d-4ceb-429a-a067-68642e69b400,Project 5,01a0f818-fbd3-4ba6-9001-bf1655f90fbf,c38f2d3c-f9c2-449c-a7a9-8487c60848f0,f5ba003f-350d-4f4c-923f-0ea9c86860c3,published,5,5,4,,26bc7327-1b11-4866-9f8a-e364fc8f06e8
6e076b76-8065-43d7-a561-d6638221c728,Project 6,01a0f818-fbd3-4ba6-9001-bf1655f90fbf,95b06d49-d198-4ad3-96df-d0a3d6e72784,f5ba003f-350d-4f4c-923f-0ea9c86860c3,published,1,6,6,,d59ce40d-4ceb-429a-a067-68642e69b400
9e6c4e2b-c336-4482-a83a-4e205c9c14ca,Project 7,01a0f818-fbd3-4ba6-9001-bf1655f90fbf,7688e129-2baf-45d8-9e7a-63e81c3c17a5,f5ba003f-350d-4f4c-923f-0ea9c86860c3,published,1,3,0,,6e076b76-8065-43d7-a561-d6638221c728
78f8a56d-66ed-4490-aab2-c0102dd0979e,Project 8,01a0f818-fbd3-4ba6-9001-bf1655f90fbf,7688e129-2baf-45d8-9e7a-63e81c3c17a5,f5ba003f-350d-4f4c-923f-0ea9c86860c3,published,3,4,1,,9e6c4e2b-c336-4482-a83a-4e205c9c14ca
43b01bda-792c-4217-b6bc-290149ebe0bf,Project 9,01a0f818-fbd3-4ba6-9001-bf1655f90fbf,7688e129-2baf-45d8-9e7a-63e81c3c17a5,f5ba003f-350d-4f4c-923f-0ea9c86860c3,published,1,10,5,,78f8a56d-66ed-4490-aab2-c0102dd0979e
ec34652f-66fa-44d5-b29c-117335920c11,Project 10,01a0f818-fbd3-4ba6-9001-bf1655f90fbf,95b06d49-d198-4ad3-96df-d0a3d6e72784,f5ba003f-350d-4f4c-923f-0ea9c86860c3,published,2,3,2,,43b01bda-792c-4217-b6bc-290149ebe0bf
6d5ddb0f-c26f-4216-aa4e-883d9527b49e,Project 11,01a0f818-fbd3-4ba6-9001-bf1655f90fbf,e7c43113-4444-45f9-b590-94e755bbb62e,f5ba003f-350d-4f4c-923f-0ea9c86860c3,published,5,7,5,,ec34652f-66fa-44d5-b29c-117335920c11
c2c2db17-9967-4057-844c-131f63974b3b,Project 1,620612e3-7f80-4817-949f-662200b9f4ef,2b3f4a29-eaa6-454e-9ffc-78d0eb4ed7cf,f5ba003f-350d-4f4c-923f-0ea9c86860c3,published,4,9,0,,6d5ddb0f-c26f-4216-aa4e-883d9527b49e
5ce7d634-e150-40ee-a7e8-2b4b0237cf30,Project 2,620612e3-7f80-4817-949f-662200b9f4ef,b64a5719-f130-4676-8c55-cebf9df679db,f5ba003f-350d-4f4c-923f-0ea9c86860c3,published,3,10,5,,c2c2db17-9967-4057-844c-131f63974b3b
6b47a230-25f0-4ebc-abca-677972da26da,Project 3,620612e3-7f80-4817-949f-662200b9f4ef,924fafec-3259-4590-95e4-195fbf950f6b,f5ba003f-350d-4f4c-923f-0ea9c86860c3,published,2,4,4,,5ce7d634-e150-40ee-a7e8-2b4b0237cf30
b6a72823-dab1-44df-a1ee-d1466b9e6aff,Project 4,620612e3-7f80-4817-949f-662200b9f4ef,d48d3747-a2a8-457b-8f29-71f21d258755,f5ba003f-350d-4f4c-923f-0ea9c86860c3,published,4,7,0,,6b47a230-25f0-4ebc-abca-677972da26da
540798c7-85de-4e5e-be45-3c5bcd5e1768,Project 5,620612e3-7f80-4817-949f-662200b9f4ef,c38f2d3c-f9c2-449c-a7a9-8487c60848f0,f5ba003f-350d-4f4c-923f-0ea9c86860c3,published,1,10,5,,b6a72823-dab1-44df-a1ee-d1466b9e6aff
6d616514-7b0a-4fd9-b685-ee01bf325590,Project 6,620612e3-7f80-4817-949f-662200b9f4ef,2b3f4a29-eaa6-454e-9ffc-78d0eb4ed7cf,f5ba003f-350d-4f4c-923f-0ea9c86860c3,published,2,2,4,,540798c7-85de-4e5e-be45-3c5bcd5e1768
98d25fd7-4c1c-4698-9282-ab5f30201a80,Project 7,620612e3-7f80-4817-949f-662200b9f4ef,b64a5719-f130-4676-8c55-cebf9df679db,f5ba003f-350d-4f4c-923f-0ea9c86860c3,published,4,8,1,,6d616514-7b0a-4fd9-b685-ee01bf325590
b50b61ea-498d-47d0-a492-0d281a7448d5,Project 8,620612e3-7f80-4817-949f-662200b9f4ef,95b06d49-d198-4ad3-96df-d0a3d6e72784,f5ba003f-350d-4f4c-923f-0ea9c86860c3,published,4,6,3,,98d25fd7-4c1c-4698-9282-ab5f30201a80
03129c60-b077-462c-a274-97090339161e,Project 9,620612e3-7f80-4817-949f-662200b9f4ef,95b06d49-d198-4ad3-96df-d0a3d6e72784,f5ba003f-350d-4f4c-923f-0ea9c86860c3,published,5,6,3,,b50b61ea-498d-47d0-a492-0d281a7448d5
9dab6166-1171-4137-af38-24c6f8831df5,Project 10,620612e3-7f80-4817-949f-662200b9f4ef,95b06d49-d198-4ad3-96df-d0a3d6e72784,f5ba003f-350d-4f4c-923f-0ea9c86860c3,published,4,3,5,,03129c60-b077-462c-a274-97090339161e
bb37b0dd-188b-42aa-b4f2-88e8769eab50,Project 11,620612e3-7f80-4817-949f-662200b9f4ef,b64a5719-f130-4676-8c55-cebf9df679db,f5ba003f-350d-4f4c-923f-0ea9c86860c3,published,1,10,6,,9dab6166-1171-4137-af38-24c6f8831df5
38cc3f6e-80d7-4a48-9d2f-e975db7ec5c1,Project 1,aa3de74d-4c69-4e46-b9f4-70803bc3f634,4ac82bd2-c4a9-4aba-b3b4-8041b8f703e2,f5ba003f-350d-4f4c-923f-0ea9c86860c3,published,2,4,1,,bb37b0dd-188b-42aa-b4f2-88e8769eab50
3d80a79a-afce-4190-8059-28bad78e01ee,Project 2,aa3de74d-4c69-4e46-b9f4-70803bc3f634,95b06d49-d198-4ad3-96df-d0a3d6e72784,f5ba003f-350d-4f4c-923f-0ea9c86860c3,published,3,10,5,,38cc3f6e-80d7-4a48-9d2f-e975db7ec5c1
3e22231c-8ae2-44fc-9227-335f2f713f61,Project 3,aa3de74d-4c69-4e46-b9f4-70803bc3f634,7688e129-2baf-45d8-9e7a-63e81c3c17a5,f5ba003f-350d-4f4c-923f-0ea9c86860c3,published,3,7,4,,3d80a79a-afce-4190-8059-28bad78e01ee
c476d0c5-79cb-45ea-81e1-90bc432549a5,Project 4,aa3de74d-4c69-4e46-b9f4-70803bc3f634,0974f565-b24a-493b-bf3e-1781971e776f,f5ba003f-350d-4f4c-923f-0ea9c86860c3,published,4,4,2,,3e22231c-8ae2-44fc-9227-335f2f713f61
67d05039-19e3-491e-ac93-a09fde3abdbf,Project 5,aa3de74d-4c69-4e46-b9f4-70803bc3f634,924fafec-3259-4590-95e4-195fbf950f6b,f5ba003f-350d-4f4c-923f-0ea9c86860c3,published,2,2,1,,c476d0c5-79cb-45ea-81e1-90bc432549a5
597a5711-135f-4de7-b281-000ecbad14e5,Project 6,aa3de74d-4c69-4e46-b9f4-70803bc3f634,95b06d49-d198-4ad3-96df-d0a3d6e72784,f5ba003f-350d-4f4c-923f-0ea9c86860c3,published,5,7,1,,67d05039-19e3-491e-ac93-a09fde3abdbf
ec1849fa-6077-48ff-8b11-c0621d559b8d,Project 7,aa3de74d-4c69-4e46-b9f4-70803bc3f634,d48d3747-a2a8-457b-8f29-71f21d258755,f5ba003f-350d-4f4c-923f-0ea9c86860c3,published,1,7,2,,597a5711-135f-4de7-b281-000ecbad14e5
97d13677-5355-4b92-8942-e339392c2b9a,Project 8,aa3de74d-4c69-4e46-b9f4-70803bc3f634,95b06d49-d198-4ad3-96df-d0a3d6e72784,f5ba003f-350d-4f4c-923f-0ea9c86860c3,published,5,1,5,,ec1849fa-6077-48ff-8b11-c0621d559b8d
90a46f92-9f84-4efe-84c5-76b596079c8e,Project 9,aa3de74d-4c69-4e46-b9f4-70803bc3f634,7688e129-2baf-45d8-9e7a-63e81c3c17a5,f5ba003f-350d-4f4c-923f-0ea9c86860c3,published,1,6,4,,97d13677-5355-4b92-8942-e339392c2b9a
e2dc15d8-886a-432a-a210-e41a68c196b7,Project 10,aa3de74d-4c69-4e46-b9f4-70803bc3f634,95b06d49-d198-4ad3-96df-d0a3d6e72784,f5ba003f-350d-4f4c-923f-0ea9c86860c3,published,4,8,4,,90a46f92-9f84-4efe-84c5-76b596079c8e
9d8c3577-fd95-43c3-926b-c8231de7f313,Project 11,aa3de74d-4c69-4e46-b9f4-70803bc3f634,b64a5719-f130-4676-8c55-cebf9df679db,f5ba003f-350d-4f4c-923f-0ea9c86860c3,published,5,7,0,,e2dc15d8-886a-432a-a210-e41a68c196b7
6815d269-9d03-4bca-a3e6-8b59d4894315,Project 1,e3cb294d-aa92-434e-94dc-2336e68c8d0d,4ac82bd2-c4a9-4aba-b3b4-8041b8f703e2,f5ba003f-350d-4f4c-923f-0ea9c86860c3,published,5,4,3,,9d8c3577-fd95-43c3-926b-c8231de7f313
1d6fafb0-6126-483e-9f83-36ac88f97c94,Project 2,e3cb294d-aa92-434e-94dc-2336e68c8d0d,7688e129-2baf-45d8-9e7a-63e81c3c17a5,f5ba003f-350d-4f4c-923f-0ea9c86860c3,published,1,6,1,,6815d269-9d03-4bca-a3e6-8b59d4894315
56a2f42c-33e1-4268-835f-2deba1f32d96,Project 3,e3cb294d-aa92-434e-94dc-2336e68c8d0d,e7c43113-4444-45f9-b590-94e755bbb62e,f5ba003f-350d-4f4c-923f-0ea9c86860c3,published,5,6,6,,1d6fafb0-6126-483e-9f83-36ac88f97c94
f69ab9e2-496e-49f1-b277-e12b3302bd4b,Project 4,e3cb294d-aa92-434e-94dc-2336e68c8d0d,e7c43113-4444-45f9-b590-94e755bbb62e,f5ba003f-350d-4f4c-923f-0ea9c86860c3,published,2,8,0,,56a2f42c-33e1-4268-835f-2deba1f32d96
15e9c71e-6f01-4293-916a-3175343ca777,Project 5,e3cb294d-aa92-434e-94dc-2336e68c8d0d,b64a5719-f130-4676-8c55-cebf9df679db,f5ba003f-350d-4f4c-923f-0ea9c86860c3,published,1,9,5,,f69ab9e2-496e-49f1-b277-e12b3302bd4b
077940cf-c29b-4042-9804-5406c0dfa4bd,Project 6,e3cb294d-aa92-434e-94dc-2336e68c8d0d,d48d3747-a2a8-457b-8f29-71f21d258755,f5ba003f-350d-4f4c-923f-0ea9c86860c3,published,1,7,5,,15e9c71e-6f01-4293-916a-3175343ca777
6abebef5-3fec-41ae-afc9-4ef7bbcb6eec,Project 7,e3cb294d-aa92-434e-94dc-2336e68c8d0d,b64a5719-f130-4676-8c55-cebf9df679db,f5ba003f-350d-4f4c-923f-0ea9c86860c3,published,1,4,4,,077940cf-c29b-4042-9804-5406c0dfa4bd
4a63f20b-e72f-42e9-8b17-bace0bebf300,Project 8,e3cb294d-aa92-434e-94dc-2336e68c8d0d,95b06d49-d198-4ad3-96df-d0a3d6e72784,f5ba003f-350d-4f4c-923f-0ea9c86860c3,published,5,1,2,,6abebef5-3fec-41ae-afc9-4ef7bbcb6eec
f6333deb-35a8-41ab-98b7-c66212c228b1,Project 9,e3cb294d-aa92-434e-94dc-2336e68c8d0d,e7c43113-4444-45f9-b590-94e755bbb62e,f5ba003f-350d-4f4c-923f-0ea9c86860c3,published,4,8,2,,4a63f20b-e72f-42e9-8b17-bace0bebf300
30e2c402-0f28-4607-8a78-8ddb1f073754,Project 10,e3cb294d-aa92-434e-94dc-2336e68c8d0d,d48d3747-a2a8-457b-8f29-71f21d258755,f5ba003f-350d-4f4c-923f-0ea9c86860c3,published,5,7,2,,f6333deb-35a8-41ab-98b7-c66212c228b1
aeae94be-58a2-43bc-b7d9-f34baa655c06,Project 11,e3cb294d-aa92-434e-94dc-2336e68c8d0d,924fafec-3259-4590-95e4-195fbf950f6b,f5ba003f-350d-4f4c-923f-0ea9c86860c3,published,3,1,5,,30e2c402-0f28-4607-8a78-8ddb1f073754
83715bfe-08c2-424e-8d5b-2cd622399763,Project 1,e39b566a-4c4f-4054-81f5-5cfb4de2950e,d48d3747-a2a8-457b-8f29-71f21d258755,f5ba003f-350d-4f4c-923f-0ea9c86860c3,published,1,9,3,,aeae94be-58a2-43bc-b7d9-f34baa655c06
08d8e689-ecb5-4eda-a21a-366ddddd892d,Project 2,e39b566a-4c4f-4054-81f5-5cfb4de2950e,2b3f4a29-eaa6-454e-9ffc-78d0eb4ed7cf,f5ba003f-350d-4f4c-923f-0ea9c86860c3,published,2,1,4,,83715bfe-08c2-424e-8d5b-2cd622399763
a98779a4-b21d-4316-b157-312a12df35be,Project 3,e39b566a-4c4f-4054-81f5-5cfb4de2950e,e7c43113-4444-45f9-b590-94e755bbb62e,f5ba003f-350d-4f4c-923f-0ea9c86860c3,published,2,7,1,,08d8e689-ecb5-4eda-a21a-366ddddd892d
e8a26646-635e-42ce-aafd-4afe1afa2986,Project 4,e39b566a-4c4f-4054-81f5-5cfb4de2950e,d48d3747-a2a8-457b-8f29-71f21d258755,f5ba003f-350d-4f4c-923f-0ea9c86860c3,published,2,8,3,,a98779a4-b21d-4316-b157-312a12df35be
6c4fa106-0337-4546-a326-9feacb2b1b67,Project 5,e39b566a-4c4f-4054-81f5-5cfb4de2950e,924fafec-3259-4590-95e4-195fbf950f6b,f5ba003f-350d-4f4c-923f-0ea9c86860c3,published,3,3,4,,e8a26646-635e-42ce-aafd-4afe1afa2986
84a73e1e-8641-417a-91f3-0d1176f02dc5,Project 6,e39b566a-4c4f-4054-81f5-5cfb4de2950e,95b06d49-d198-4ad3-96df-d0a3d6e72784,f5ba003f-350d-4f4c-923f-0ea9c86860c3,published,4,9,2,,6c4fa106-0337-4546-a326-9feacb2b1b67
c0c28d02-7a44-4cc3-b7a2-c97a72031347,Project 7,e39b566a-4c4f-4054-81f5-5cfb4de2950e,c38f2d3c-f9c2-449c-a7a9-8487c60848f0,f5ba003f-350d-4f4c-923f-0ea9c86860c3,published,1,8,3,,84a73e1e-8641-417a-91f3-0d1176f02dc5
403854a9-f1f0-4b04-ba23-f219729f7b4d,Project 8,e39b566a-4c4f-4054-81f5-5cfb4de2950e,e7c43113-4444-45f9-b590-94e755bbb62e,f5ba003f-350d-4f4c-923f-0ea9c86860c3,published,5,1,6,,c0c28d02-7a44-4cc3-b7a2-c97a72031347
406286b7-8815-4597-b7d0-33a0aff94ddf,Project 9,e39b566a-4c4f-4054-81f5-5cfb4de2950e,4ac82bd2-c4a9-4aba-b3b4-8041b8f703e2,f5ba003f-350d-4f4c-923f-0ea9c86860c3,published,1,4,2,,403854a9-f1f0-4b04-ba23-f219729f7b4d
5e837716-6a19-41ce-a945-8095c9cc38eb,Project 10,e39b566a-4c4f-4054-81f5-5cfb4de2950e,d48d3747-a2a8-457b-8f29-71f21d258755,f5ba003f-350d-4f4c-923f-0ea9c86860c3,published,2,7,4,,406286b7-8815-4597-b7d0-33a0aff94ddf
ef88e297-eaf7-4ea2-9acf-c9c4f0e075ac,Project 11,e39b566a-4c4f-4054-81f5-5cfb4de2950e,d48d3747-a2a8-457b-8f29-71f21d258755,f5ba003f-350d-4f4c-923f-0ea9c86860c3,published,1,10,3,,5e837716-6a19-41ce-a945-8095c9cc38eb
26e8ec1e-b5c3-43d3-bded-b83977cd8ae6,Project 1,d41c2ddd-3001-42fd-8f00-27724da2cc34,95b06d49-d198-4ad3-96df-d0a3d6e72784,f5ba003f-350d-4f4c-923f-0ea9c86860c3,published,2,7,6,,ef88e297-eaf7-4ea2-9acf-c9c4f0e075ac
c7850bc7-197e-4db5-8638-27c35d93ecd0,Project 2,d41c2ddd-3001-42fd-8f00-27724da2cc34,d48d3747-a2a8-457b-8f29-71f21d258755,f5ba003f-350d-4f4c-923f-0ea9c86860c3,published,5,10,6,,26e8ec1e-b5c3-43d3-bded-b83977cd8ae6
b2fa5716-01d5-48c3-8b47-09059c26e3e5,Project 3,d41c2ddd-3001-42fd-8f00-27724da2cc34,d48d3747-a2a8-457b-8f29-71f21d258755,f5ba003f-350d-4f4c-923f-0ea9c86860c3,published,3,3,3,,c7850bc7-197e-4db5-8638-27c35d93ecd0
952f0288-4655-4ce5-a542-908d800e8140,Project 4,d41c2ddd-3001-42fd-8f00-27724da2cc34,b64a5719-f130-4676-8c55-cebf9df679db,f5ba003f-350d-4f4c-923f-0ea9c86860c3,published,2,6,5,,b2fa5716-01d5-48c3-8b47-09059c26e3e5
11d66ab6-2635-4640-a8b2-2cb6da3aef07,Project 5,d41c2ddd-3001-42fd-8f00-27724da2cc34,b64a5719-f130-4676-8c55-cebf9df679db,f5ba003f-350d-4f4c-923f-0ea9c86860c3,published,2,2,6,,952f0288-4655-4ce5-a542-908d800e8140
e3e3abda-2500-434c-8aab-edfcdc8c461c,Project 6,d41c2ddd-3001-42fd-8f00-27724da2cc34,e7c43113-4444-45f9-b590-94e755bbb62e,f5ba003f-350d-4f4c-923f-0ea9c86860c3,published,3,10,0,,11d66ab6-2635-4640-a8b2-2cb6da3aef07
1dbc310d-793d-4c50-8c3e-684e3c24924b,Project 7,d41c2ddd-3001-42fd-8f00-27724da2cc34,4ac82bd2-c4a9-4aba-b3b4-8041b8f703e2,f5ba003f-350d-4f4c-923f-0ea9c86860c3,published,3,4,4,,e3e3abda-2500-434c-8aab-edfcdc8c461c
8709096d-3428-4f77-8feb-f20b0ae97f10,Project 8,d41c2ddd-3001-42fd-8f00-27724da2cc34,2b3f4a29-eaa6-454e-9ffc-78d0eb4ed7cf,f5ba003f-350d-4f4c-923f-0ea9c86860c3,published,2,4,5,,1dbc310d-793d-4c50-8c3e-684e3c24924b
31fba2ba-cbad-408a-9fd5-d8284411969b,Project 9,d41c2ddd-3001-42fd-8f00-27724da2cc34,7688e129-2baf-45d8-9e7a-63e81c3c17a5,f5ba003f-350d-4f4c-923f-0ea9c86860c3,published,1,7,4,,8709096d-3428-4f77-8feb-f20b0ae97f10
caf81c62-c1d5-400b-a44c-5a2288177f35,Project 10,d41c2ddd-3001-42fd-8f00-27724da2cc34,c38f2d3c-f9c2-449c-a7a9-8487c60848f0,f5ba003f-350d-4f4c-923f-0ea9c86860c3,published,3,9,0,,31fba2ba-cbad-408a-9fd5-d8284411969b
64647eab-a0f3-412a-b10a-c50e57d66af4,Project 11,d41c2ddd-3001-42fd-8f00-27724da2cc34,e7c43113-4444-45f9-b590-94e755bbb62e,f5ba003f-350d-4f4c-923f-0ea9c86860c3,published,3,4,2,,caf81c62-c1d5-400b-a44c-5a2288177f35
ff9ade36-a613-4ccc-936c-bab1d8eca2db,Project 1,c72ad126-eee4-4e7d-a072-bb09e829a662,95b06d49-d198-4ad3-96df-d0a3d6e72784,f5ba003f-350d-4f4c-923f-0ea9c86860c3,published,4,8,6,,64647eab-a0f3-412a-b10a-c50e57d66af4
bfbceccf-9180-496b-8a54-ec632fd1cadd,Project 2,c72ad126-eee4-4e7d-a072-bb09e829a662,e7c43113-4444-45f9-b590-94e755bbb62e,f5ba003f-350d-4f4c-923f-0ea9c86860c3,published,1,10,2,,ff9ade36-a613-4ccc-936c-bab1d8eca2db
83e0a6f5-b183-4c6a-ba80-e2087205f067,Project 3,c72ad126-eee4-4e7d-a072-bb09e829a662,c38f2d3c-f9c2-449c-a7a9-8487c60848f0,f5ba003f-350d-4f4c-923f-0ea9c86860c3,published,4,5,5,,bfbceccf-9180-496b-8a54-ec632fd1cadd
c960f71b-8370-431c-8d13-fd8a1b103826,Project 4,c72ad126-eee4-4e7d-a072-bb09e829a662,d48d3747-a2a8-457b-8f29-71f21d258755,f5ba003f-350d-4f4c-923f-0ea9c86860c3,published,4,9,5,,83e0a6f5-b183-4c6a-ba80-e2087205f067
b720d509-ed7f-4270-a436-1c6bde780e45,Project 5,c72ad126-eee4-4e7d-a072-bb09e829a662,2b3f4a29-eaa6-454e-9ffc-78d0eb4ed7cf,f5ba003f-350d-4f4c-923f-0ea9c86860c3,published,4,9,6,,c960f71b-8370-431c-8d13-fd8a1b103826
f84d2795-7756-4390-aec5-be07bf636852,Project 6,c72ad126-eee4-4e7d-a072-bb09e829a662,c38f2d3c-f9c2-449c-a7a9-8487c60848f0,f5ba003f-350d-4f4c-923f-0ea9c86860c3,published,4,10,2,,b720d509-ed7f-4270-a436-1c6bde780e45
525b7905-73b6-4f89-b2b3-545cc8dcc694,Project 7,c72ad126-eee4-4e7d-a072-bb09e829a662,2b3f4a29-eaa6-454e-9ffc-78d0eb4ed7cf,f5ba003f-350d-4f4c-923f-0ea9c86860c3,published,5,1,3,,f84d2795-7756-4390-aec5-be07bf636852
e781cf00-71bb-4571-940f-0a2669af3471,Project 8,c72ad126-eee4-4e7d-a072-bb09e829a662,e7c43113-4444-45f9-b590-94e755bbb62e,f5ba003f-350d-4f4c-923f-0ea9c86860c3,published,3,10,4,,525b7905-73b6-4f89-b2b3-545cc8dcc694
8084210e-93bd-4cba-8153-d86c4ba80f84,Project 9,c72ad126-eee4-4e7d-a072-bb09e829a662,4ac82bd2-c4a9-4aba-b3b4-8041b8f703e2,f5ba003f-350d-4f4c-923f-0ea9c86860c3,published,1,10,6,,e781cf00-71bb-4571-940f-0a2669af3471
e73b94ba-b895-4bf7-a384-be0a848df799,Project 10,c72ad126-eee4-4e7d-a072-bb09e829a662,2b3f4a29-eaa6-454e-9ffc-78d0eb4ed7cf,f5ba003f-350d-4f4c-923f-0ea9c86860c3,published,4,6,3,,8084210e-93bd-4cba-8153-d86c4ba80f84
5ffc2fd9-0076-451e-954b-3b498b97792b,Project 11,c72ad126-eee4-4e7d-a072-bb09e829a662,95b06d49-d198-4ad3-96df-d0a3d6e72784,f5ba003f-350d-4f4c-923f-0ea9c86860c3,published,1,9,1,,e73b94ba-b895-4bf7-a384-be0a848df799
f2128fde-c425-4800-b127-1179beec800e,Project 1,1b235982-9e49-4808-bfb9-e0f7e1586e3d,d48d3747-a2a8-457b-8f29-71f21d258755,f5ba003f-350d-4f4c-923f-0ea9c86860c3,published,1,3,4,,5ffc2fd9-0076-451e-954b-3b498b97792b
4d1a6a10-a7ac-4170-a715-e0df53f71224,Project 2,1b235982-9e49-4808-bfb9-e0f7e1586e3d,95b06d49-d198-4ad3-96df-d0a3d6e72784,f5ba003f-350d-4f4c-923f-0ea9c86860c3,published,1,10,5,,f2128fde-c425-4800-b127-1179beec800e
aa805621-1c51-4ffc-a2b1-8cf73227e6c4,Project 3,1b235982-9e49-4808-bfb9-e0f7e1586e3d,4ac82bd2-c4a9-4aba-b3b4-8041b8f703e2,f5ba003f-350d-4f4c-923f-0ea9c86860c3,published,1,9,2,,4d1a6a10-a7ac-4170-a715-e0df53f71224
51ed15ac-5658-4632-9c64-e2784368d50c,Project 4,1b235982-9e49-4808-bfb9-e0f7e1586e3d,d48d3747-a2a8-457b-8f29-71f21d258755,f5ba003f-350d-4f4c-923f-0ea9c86860c3,published,4,1,6,,aa805621-1c51-4ffc-a2b1-8cf73227e6c4
4a9dfc23-ef98-4c94-9e65-8cd7ad19d000,Project 5,1b235982-9e49-4808-bfb9-e0f7e1586e3d,7688e129-2baf-45d8-9e7a-63e81c3c17a5,f5ba003f-350d-4f4c-923f-0ea9c86860c3,published,1,7,2,,51ed15ac-5658-4632-9c64-e2784368d50c
6e8b5f83-c14d-4e2c-a4cd-9641f366f361,Project 6,1b235982-9e49-4808-bfb9-e0f7e1586e3d,2b3f4a29-eaa6-454e-9ffc-78d0eb4ed7cf,f5ba003f-350d-4f4c-923f-0ea9c86860c3,published,2,10,0,,4a9dfc23-ef98-4c94-9e65-8cd7ad19d000
8c6565e3-30fe-4714-be7f-1707f3f4d843,Project 7,1b235982-9e49-4808-bfb9-e0f7e1586e3d,0974f565-b24a-493b-bf3e-1781971e776f,f5ba003f-350d-4f4c-923f-0ea9c86860c3,published,5,9,3,,6e8b5f83-c14d-4e2c-a4cd-9641f366f361
027ae214-e144-4ca1-9aa7-a4dca2ce8124,Project 8,1b235982-9e49-4808-bfb9-e0f7e1586e3d,0974f565-b24a-493b-bf3e-1781971e776f,f5ba003f-350d-4f4c-923f-0ea9c86860c3,published,5,1,4,,8c6565e3-30fe-4714-be7f-1707f3f4d843
f902e1e6-2ebc-4276-a547-7dd62fc68cfb,Project 9,1b235982-9e49-4808-bfb9-e0f7e1586e3d,b64a5719-f130-4676-8c55-cebf9df679db,f5ba003f-350d-4f4c-923f-0ea9c86860c3,published,3,4,3,,027ae214-e144-4ca1-9aa7-a4dca2ce8124
493227cd-eb54-4a72-9019-88cd7da204aa,Project 10,1b235982-9e49-4808-bfb9-e0f7e1586e3d,d48d3747-a2a8-457b-8f29-71f21d258755,f5ba003f-350d-4f4c-923f-0ea9c86860c3,published,1,5,1,,f902e1e6-2ebc-4276-a547-7dd62fc68cfb
e51c3f38-0bc1-42c6-9f43-242e27dd1ef5,Project 11,1b235982-9e49-4808-bfb9-e0f7e1586e3d,924fafec-3259-4590-95e4-195fbf950f6b,f5ba003f-350d-4f4c-923f-0ea9c86860c3,published,4,3,0,,493227cd-eb54-4a72-9019-88cd7da204aa
314518b5-be47-4999-bdee-595852595a17,Project 1,78fc7c21-a049-4a92-b3ed-a84023a2f5e7,7688e129-2baf-45d8-9e7a-63e81c3c17a5,f5ba003f-350d-4f4c-923f-0ea9c86860c3,published,4,4,4,,e51c3f38-0bc1-42c6-9f43-242e27dd1ef5
bedd06c5-d345-44f4-93d7-82f43f29b834,Project 2,78fc7c21-a049-4a92-b3ed-a84023a2f5e7,0974f565-b24a-493b-bf3e-1781971e776f,f5ba003f-350d-4f4c-923f-0ea9c86860c3,published,2,9,0,,314518b5-be47-4999-bdee-595852595a17
a632acd4-8364-4bed-adeb-d88f5a4f30dd,Project 3,78fc7c21-a049-4a92-b3ed-a84023a2f5e7,e7c43113-4444-45f9-b590-94e755bbb62e,f5ba003f-350d-4f4c-923f-0ea9c86860c3,published,5,3,1,,bedd06c5-d345-44f4-93d7-82f43f29b834
e827f8dc-240a-4daa-8d43-4267568296e9,Project 4,78fc7c21-a049-4a92-b3ed-a84023a2f5e7,2b3f4a29-eaa6-454e-9ffc-78d0eb4ed7cf,f5ba003f-350d-4f4c-923f-0ea9c86860c3,published,1,8,5,,a632acd4-8364-4bed-adeb-d88f5a4f30dd
060a87dd-d30b-4b8d-9b53-1ff4650c56a7,Project 5,78fc7c21-a049-4a92-b3ed-a84023a2f5e7,d48d3747-a2a8-457b-8f29-71f21d258755,f5ba003f-350d-4f4c-923f-0ea9c86860c3,published,3,9,5,,e827f8dc-240a-4daa-8d43-4267568296e9
b864d0f3-4579-4572-ae8e-b026a09a4f46,Project 6,78fc7c21-a049-4a92-b3ed-a84023a2f5e7,d48d3747-a2a8-457b-8f29-71f21d258755,f5ba003f-350d-4f4c-923f-0ea9c86860c3,published,5,4,2,,060a87dd-d30b-4b8d-9b53-1ff4650c56a7
53194616-e851-46ba-afe7-e7e9dfea5682,Project 7,78fc7c21-a049-4a92-b3ed-a84023a2f5e7,c38f2d3c-f9c2-449c-a7a9-8487c60848f0,f5ba003f-350d-4f4c-923f-0ea9c86860c3,published,4,4,3,,b864d0f3-4579-4572-ae8e-b026a09a4f46
61a20f1a-308c-470c-aa32-c68154dec8bb,Project 8,78fc7c21-a049-4a92-b3ed-a84023a2f5e7,d48d3747-a2a8-457b-8f29-71f21d258755,f5ba003f-350d-4f4c-923f-0ea9c86860c3,published,5,1,1,,53194616-e851-46ba-afe7-e7e9dfea5682
f177ad73-e28e-41e1-843f-78492cabe609,Project 9,78fc7c21-a049-4a92-b3ed-a84023a2f5e7,0974f565-b24a-493b-bf3e-1781971e776f,f5ba003f-350d-4f4c-923f-0ea9c86860c3,published,5,5,5,,61a20f1a-308c-470c-aa32-c68154dec8bb
e2e7cbb2-b93f-4f0c-b8ad-0c95a661d52b,Project 10,78fc7c21-a049-4a92-b3ed-a84023a2f5e7,c38f2d3c-f9c2-449c-a7a9-8487c60848f0,f5ba003f-350d-4f4c-923f-0ea9c86860c3,published,5,3,3,,f177ad73-e28e-41e1-843f-78492cabe609
b5cff808-a7ba-4b65-84ce-fe34b9f2063a,Project 11,78fc7c21-a049-4a92-b3ed-a84023a2f5e7,95b06d49-d198-4ad3-96df-d0a3d6e72784,f5ba003f-350d-4f4c-923f-0ea9c86860c3,published,5,10,4,,e2e7cbb2-b93f-4f0c-b8ad-0c95a661d52b
0923b8a6-9577-4842-8611-ba8592490936,Project 1,f9733230-960b-4f6a-b377-de876806f612,95b06d49-d198-4ad3-96df-d0a3d6e72784,f5ba003f-350d-4f4c-923f-0ea9c86860c3,published,3,7,5,,b5cff808-a7ba-4b65-84ce-fe34b9f2063a
637394c8-33b3-410f-aa20-ff417497cfa3,Project 2,f9733230-960b-4f6a-b377-de876806f612,7688e129-2baf-45d8-9e7a-63e81c3c17a5,f5ba003f-350d-4f4c-923f-0ea9c86860c3,published,5,10,6,,0923b8a6-9577-4842-8611-ba8592490936
ada464db-b9cf-4672-bb71-82aa2dd317a5,Project 3,f9733230-960b-4f6a-b377-de876806f612,0974f565-b24a-493b-bf3e-1781971e776f,f5ba003f-350d-4f4c-923f-0ea9c86860c3,published,5,2,0,,637394c8-33b3-410f-aa20-ff417497cfa3
a5b4f0a6-03af-4356-87b0-c218243a2699,Project 4,f9733230-960b-4f6a-b377-de876806f612,4ac82bd2-c4a9-4aba-b3b4-8041b8f703e2,f5ba003f-350d-4f4c-923f-0ea9c86860c3,published,2,2,3,,ada464db-b9cf-4672-bb71-82aa2dd317a5
91595936-b5e7-4e47-b68c-5a0e7fc2d63e,Project 5,f9733230-960b-4f6a-b377-de876806f612,c38f2d3c-f9c2-449c-a7a9-8487c60848f0,f5ba003f-350d-4f4c-923f-0ea9c86860c3,published,3,3,4,,a5b4f0a6-03af-4356-87b0-c218243a2699
9a97ccbe-4a1a-4add-bcd2-24b139f23951,Project 6,f9733230-960b-4f6a-b377-de876806f612,0974f565-b24a-493b-bf3e-1781971e776f,f5ba003f-350d-4f4c-923f-0ea9c86860c3,published,4,2,2,,91595936-b5e7-4e47-b68c-5a0e7fc2d63e
2a906b91-e8bd-40b7-8e46-d4d183bec272,Project 7,f9733230-960b-4f6a-b377-de876806f612,95b06d49-d198-4ad3-96df-d0a3d6e72784,f5ba003f-350d-4f4c-923f-0ea9c86860c3,published,1,10,2,,9a97ccbe-4a1a-4add-bcd2-24b139f23951
3b25abb6-b691-49a4-b1b6-5e2d4767f435,Project 8,f9733230-960b-4f6a-b377-de876806f612,4ac82bd2-c4a9-4aba-b3b4-8041b8f703e2,f5ba003f-350d-4f4c-923f-0ea9c86860c3,published,2,9,5,,2a906b91-e8bd-40b7-8e46-d4d183bec272
7e1cd8e2-08d7-44b6-98b3-1be98eaa2ac5,Project 9,f9733230-960b-4f6a-b377-de876806f612,2b3f4a29-eaa6-454e-9ffc-78d0eb4ed7cf,f5ba003f-350d-4f4c-923f-0ea9c86860c3,published,4,3,5,,3b25abb6-b691-49a4-b1b6-5e2d4767f435
01a8f3ff-7366-4e10-935c-85f665492ab2,Project 10,f9733230-960b-4f6a-b377-de876806f612,7688e129-2baf-45d8-9e7a-63e81c3c17a5,f5ba003f-350d-4f4c-923f-0ea9c86860c3,published,5,2,3,,7e1cd8e2-08d7-44b6-98b3-1be98eaa2ac5
13f570b8-3011-4d98-855a-9339ece06471,Project 11,f9733230-960b-4f6a-b377-de876806f612,d48d3747-a2a8-457b-8f29-71f21d258755,f5ba003f-350d-4f4c-923f-0ea9c86860c3,published,2,10,5,,01a8f3ff-7366-4e10-935c-85f665492ab2
64272043-0fa4-495f-8bcb-eea5e229e17a,Project 1,d8bfded0-9f4a-4de5-9830-44cdeff7d0be,b64a5719-f130-4676-8c55-cebf9df679db,f5ba003f-350d-4f4c-923f-0ea9c86860c3,published,5,10,0,,13f570b8-3011-4d98-855a-9339ece06471
9db9a52d-8223-4785-9600-bdfa8f05a40e,Project 2,d8bfded0-9f4a-4de5-9830-44cdeff7d0be,b64a5719-f130-4676-8c55-cebf9df679db,f5ba003f-350d-4f4c-923f-0ea9c86860c3,published,3,4,1,,64272043-0fa4-495f-8bcb-eea5e229e17a
0aeb0e0b-2bb9-481d-94f1-7b918d6fc43b,Project 3,d8bfded0-9f4a-4de5-9830-44cdeff7d0be,e7c43113-4444-45f9-b590-94e755bbb62e,f5ba003f-350d-4f4c-923f-0ea9c86860c3,published,1,1,2,,9db9a52d-8223-4785-9600-bdfa8f05a40e
56a7766c-cc93-4184-b689-dfde0e004364,Project 4,d8bfded0-9f4a-4de5-9830-44cdeff7d0be,2b3f4a29-eaa6-454e-9ffc-78d0eb4ed7cf,f5ba003f-350d-4f4c-923f-0ea9c86860c3,published,1,1,4,,0aeb0e0b-2bb9-481d-94f1-7b918d6fc43b
1c2477d1-4313-41ed-821d-9ecf79c98990,Project 5,d8bfded0-9f4a-4de5-9830-44cdeff7d0be,4ac82bd2-c4a9-4aba-b3b4-8041b8f703e2,f5ba003f-350d-4f4c-923f-0ea9c86860c3,published,3,9,4,,56a7766c-cc93-4184-b689-dfde0e004364
843b05c8-6ab1-4ffc-ade2-6c23ed4c9c70,Project 6,d8bfded0-9f4a-4de5-9830-44cdeff7d0be,7688e129-2baf-45d8-9e7a-63e81c3c17a5,f5ba003f-350d-4f4c-923f-0ea9c86860c3,published,4,7,0,,1c2477d1-4313-41ed-821d-9ecf79c98990
e2a29488-a06b-4411-9786-f50a46983c2f,Project 7,d8bfded0-9f4a-4de5-9830-44cdeff7d0be,2b3f4a29-eaa6-454e-9ffc-78d0eb4ed7cf,f5ba003f-350d-4f4c-923f-0ea9c86860c3,published,4,7,6,,843b05c8-6ab1-4ffc-ade2-6c23ed4c9c70
05b216a0-5b5e-4d5b-ae20-2511bfa64440,Project 8,d8bfded0-9f4a-4de5-9830-44cdeff7d0be,0974f565-b24a-493b-bf3e-1781971e776f,f5ba003f-350d-4f4c-923f-0ea9c86860c3,published,3,6,2,,e2a29488-a06b-4411-9786-f50a46983c2f
94caea6a-efd9-477b-957b-f4ae99ab6dbd,Project 9,d8bfded0-9f4a-4de5-9830-44cdeff7d0be,e7c43113-4444-45f9-b590-94e755bbb62e,f5ba003f-350d-4f4c-923f-0ea9c86860c3,published,3,1,5,,05b216a0-5b5e-4d5b-ae20-2511bfa64440
e124583a-2677-465d-8041-0cec50afe9bc,Project 10,d8bfded0-9f4a-4de5-9830-44cdeff7d0be,924fafec-3259-4590-95e4-195fbf950f6b,f5ba003f-350d-4f4c-923f-0ea9c86860c3,published,1,6,6,,94caea6a-efd9-477b-957b-f4ae99ab6dbd
1ee41928-0d8a-4a69-8959-d39b52d5cd62,Project 11,d8bfded0-9f4a-4de5-9830-44cdeff7d0be,e7c43113-4444-45f9-b590-94e755bbb62e,f5ba003f-350d-4f4c-923f-0ea9c86860c3,published,5,5,4,,e124583a-2677-465d-8041-0cec50afe9bc
